,0,1,2,3,4,5,6,7,8,9,10,11,12,13,14,15
0,L_rostralanteriorcingulate_cortex,L_rostralanteriorcingulate_cortex,L_thalamus,L_thalamus,L_hippocampus,R_rostralanteriorcingulate_cortex,R_rostralanteriorcingulate_cortex,R_thalamus,R_hippocampus,L_rostralanteriorcingulate_cortex,L_thalamus,L_hippocampus,L_amygdala,L_rostralanteriorcingulate_cortex,L_hippocampus,L_amygdala
1,L_thalamus,L_amygdala,L_hippocampus,R_hippocampus,L_amygdala,R_thalamus,R_amygdala,R_hippocampus,R_amygdala,R_thalamus,R_rostralanteriorcingulate_cortex,R_thalamus,R_rostralanteriorcingulate_cortex,R_amygdala,R_amygdala,R_hippocampus
100206,56.0,582.0,1134.0,1.0,230.0,31.0,871.0,191.0,131.0,,,,,,,
100307,178.0,1572.0,247.0,151.0,1198.0,5.0,954.0,577.0,339.0,1.0,2.0,22.0,6.0,,,
100408,373.0,490.0,1418.0,,1710.0,16.0,55.0,57.0,85.0,2.0,,5.0,,1.0,11.0,
100610,236.0,665.0,992.0,8.0,1811.0,85.0,242.0,1810.0,1198.0,11.0,90.0,19.0,,,,
101006,3.0,203.0,163.0,4.0,129.0,253.0,2380.0,1428.0,3661.0,,,,,,,
101107,269.0,1465.0,1785.0,,1326.0,9.0,283.0,55.0,53.0,44.0,54.0,88.0,,,,
101309,28.0,361.0,1496.0,2.0,319.0,397.0,1045.0,363.0,320.0,,26.0,21.0,29.0,,,9.0
101410,27.0,836.0,2213.0,65.0,397.0,894.0,410.0,1559.0,976.0,,13.0,157.0,,4.0,,
101915,4.0,107.0,251.0,1.0,294.0,13.0,299.0,1341.0,1590.0,,,,,,1.0,
102008,44.0,758.0,2219.0,6.0,932.0,55.0,228.0,985.0,203.0,3.0,19.0,,1.0,,,
102109,38.0,72.0,239.0,,25.0,12.0,977.0,2154.0,882.0,,5.0,,,,,
102311,438.0,1406.0,1856.0,11.0,672.0,40.0,64.0,857.0,300.0,3.0,8.0,58.0,,,,
102513,10.0,401.0,400.0,,551.0,179.0,491.0,674.0,810.0,,,,,,,
102614,265.0,1871.0,893.0,37.0,640.0,355.0,1087.0,1141.0,420.0,27.0,20.0,35.0,,96.0,93.0,1.0
102715,201.0,453.0,437.0,,267.0,12.0,324.0,105.0,118.0,21.0,,,,4.0,,
102816,30.0,243.0,1701.0,,323.0,214.0,604.0,545.0,238.0,,4.0,,,,35.0,
103010,101.0,208.0,1320.0,,218.0,360.0,798.0,1483.0,106.0,,,,,,,
103111,125.0,10.0,222.0,56.0,327.0,751.0,3068.0,2023.0,3999.0,,69.0,,,8.0,,
103212,144.0,114.0,2065.0,1.0,307.0,213.0,761.0,2247.0,1265.0,3.0,1.0,,,2.0,,
103414,329.0,221.0,2340.0,2.0,750.0,101.0,82.0,2060.0,133.0,,2.0,,,,,
103515,191.0,2032.0,1234.0,5.0,1364.0,2.0,17.0,271.0,292.0,2.0,,33.0,1.0,14.0,36.0,1.0
103818,148.0,234.0,1309.0,,316.0,75.0,264.0,799.0,699.0,2.0,,1.0,,,,
104012,17.0,70.0,1059.0,21.0,220.0,10.0,424.0,750.0,487.0,,,,,,,
104416,19.0,12.0,1030.0,1.0,79.0,794.0,1014.0,1363.0,938.0,,,2.0,,,,
104820,3.0,411.0,1018.0,2.0,208.0,107.0,1036.0,1919.0,2775.0,,5.0,2.0,68.0,3.0,13.0,3.0
105014,192.0,1517.0,1487.0,19.0,430.0,915.0,496.0,1019.0,232.0,,7.0,6.0,,,,
105115,176.0,493.0,806.0,,348.0,43.0,92.0,627.0,28.0,,,,,,,
105216,,30.0,192.0,,5.0,306.0,560.0,519.0,774.0,,,1.0,,,,
105923,145.0,1964.0,2045.0,46.0,2677.0,230.0,238.0,606.0,138.0,1.0,4.0,,,,1.0,
106319,357.0,778.0,1082.0,9.0,893.0,445.0,1102.0,1538.0,1552.0,,48.0,,34.0,10.0,65.0,25.0
106521,479.0,764.0,2492.0,20.0,705.0,310.0,277.0,1211.0,22.0,15.0,2.0,1.0,,,,
107018,126.0,676.0,1218.0,102.0,425.0,63.0,153.0,313.0,610.0,7.0,1.0,15.0,8.0,75.0,8.0,2.0
107321,69.0,120.0,892.0,,134.0,795.0,850.0,2092.0,1241.0,,7.0,,,,,
107422,175.0,61.0,767.0,1.0,243.0,1097.0,4942.0,2788.0,2011.0,1.0,255.0,10.0,209.0,93.0,348.0,
107725,96.0,340.0,3799.0,69.0,42.0,665.0,3258.0,5230.0,2674.0,1.0,,2.0,,,,
108020,385.0,72.0,1187.0,152.0,126.0,957.0,993.0,2380.0,531.0,7.0,285.0,8.0,7.0,1.0,16.0,
108121,,5.0,845.0,6.0,56.0,610.0,200.0,1229.0,671.0,,2.0,,,,,
108222,400.0,1276.0,1662.0,,1675.0,218.0,97.0,501.0,106.0,,,,,,,
108525,30.0,18.0,470.0,9.0,302.0,426.0,268.0,1380.0,155.0,,30.0,33.0,,1.0,32.0,
108828,12.0,411.0,289.0,,357.0,4.0,90.0,629.0,4.0,1.0,1.0,,,,,
109123,159.0,939.0,2026.0,,1137.0,169.0,398.0,1563.0,424.0,,,186.0,1.0,,,
110007,,17.0,298.0,50.0,108.0,122.0,513.0,897.0,1436.0,,23.0,3.0,,,,
110411,320.0,374.0,2040.0,,88.0,32.0,72.0,106.0,63.0,1.0,31.0,1.0,,,,
111009,4.0,220.0,141.0,,74.0,459.0,128.0,1929.0,290.0,,2.0,110.0,,2.0,1.0,
111211,120.0,867.0,530.0,,305.0,1155.0,1705.0,2701.0,834.0,,7.0,,2.0,,,
111514,4.0,22.0,923.0,2.0,27.0,79.0,701.0,1356.0,202.0,,1.0,,,,,
112314,1.0,33.0,476.0,1.0,32.0,25.0,50.0,174.0,,,5.0,,,,,
112516,13.0,47.0,278.0,,915.0,2.0,106.0,248.0,56.0,,,,,,,
112819,1.0,116.0,377.0,1.0,78.0,6.0,17.0,85.0,6.0,,1.0,1.0,,,,
112920,5.0,1303.0,1869.0,2.0,475.0,624.0,517.0,739.0,385.0,,223.0,1.0,,2.0,1.0,
113215,196.0,392.0,1291.0,1.0,161.0,50.0,1097.0,1337.0,430.0,,1.0,,,,,
113316,988.0,1440.0,2362.0,,1134.0,66.0,719.0,250.0,858.0,,,,,,,
113619,6.0,972.0,1515.0,,1138.0,7.0,,128.0,,,,,,,,
113922,131.0,287.0,1261.0,2.0,349.0,109.0,1008.0,419.0,249.0,,12.0,18.0,,,10.0,
114116,30.0,126.0,608.0,,86.0,889.0,426.0,3409.0,526.0,,3.0,3.0,,6.0,,
114217,240.0,272.0,1761.0,,754.0,94.0,621.0,805.0,449.0,1.0,,,4.0,,,
114318,81.0,127.0,466.0,3.0,255.0,351.0,115.0,597.0,335.0,,1.0,,,,,
114419,224.0,253.0,811.0,2.0,1349.0,650.0,895.0,2367.0,529.0,,10.0,,,1.0,,
114621,62.0,259.0,501.0,,342.0,40.0,714.0,610.0,140.0,,2.0,3.0,1.0,,,
114823,146.0,732.0,2594.0,121.0,1244.0,712.0,1075.0,3391.0,920.0,16.0,1.0,60.0,3.0,9.0,14.0,17.0
115017,2.0,9.0,609.0,3.0,24.0,385.0,243.0,575.0,742.0,,2.0,,,,3.0,
115219,70.0,197.0,1124.0,10.0,441.0,154.0,4.0,1216.0,173.0,,9.0,1.0,,,,
115320,375.0,419.0,3092.0,6.0,1628.0,207.0,157.0,1071.0,384.0,10.0,1.0,11.0,,6.0,122.0,3.0
115724,85.0,18.0,51.0,14.0,1.0,58.0,562.0,527.0,3541.0,28.0,6.0,,,,,
115825,16.0,285.0,341.0,3.0,468.0,214.0,228.0,1303.0,627.0,,,1.0,,,1.0,1.0
116221,200.0,2048.0,1721.0,1.0,3268.0,953.0,310.0,2218.0,873.0,,,,,,,
116423,18.0,2373.0,1287.0,,2467.0,63.0,526.0,1076.0,1162.0,2.0,,13.0,,,,
116524,211.0,11.0,884.0,2.0,130.0,309.0,289.0,390.0,77.0,5.0,,9.0,,,,
117021,127.0,183.0,1249.0,,314.0,296.0,1620.0,947.0,982.0,,14.0,,,,17.0,1.0
117122,43.0,916.0,2147.0,67.0,502.0,131.0,230.0,1750.0,2171.0,13.0,7.0,20.0,,11.0,2.0,7.0
117324,38.0,174.0,1221.0,,545.0,23.0,103.0,851.0,504.0,,,,,,,
117930,33.0,55.0,1345.0,15.0,394.0,356.0,390.0,1924.0,490.0,8.0,4.0,47.0,,,,
118023,116.0,283.0,1628.0,,784.0,3.0,45.0,339.0,286.0,,,1.0,,,58.0,
118124,17.0,5.0,732.0,,6.0,43.0,765.0,979.0,879.0,,,11.0,,,,
118225,47.0,974.0,594.0,219.0,277.0,1334.0,2548.0,2902.0,3069.0,10.0,294.0,12.0,5.0,23.0,65.0,
118730,73.0,702.0,1561.0,,547.0,7.0,15.0,136.0,32.0,,2.0,,,,,
118831,44.0,50.0,1194.0,,80.0,152.0,844.0,519.0,709.0,,,1.0,,,,
119025,548.0,282.0,1558.0,107.0,63.0,206.0,457.0,986.0,1251.0,,5.0,20.0,,,159.0,
119126,45.0,301.0,2456.0,,157.0,188.0,778.0,728.0,678.0,,,,,,,
119732,33.0,8.0,330.0,2.0,2.0,2461.0,2743.0,2600.0,2511.0,16.0,21.0,31.0,,,,
119833,1.0,237.0,840.0,4.0,202.0,34.0,7.0,262.0,42.0,,,1.0,,,1.0,
120111,63.0,115.0,982.0,159.0,102.0,438.0,37.0,1687.0,796.0,,51.0,85.0,,,,
120212,585.0,1541.0,1684.0,,1925.0,56.0,64.0,287.0,221.0,26.0,,,1.0,,,
120414,9.0,45.0,205.0,24.0,36.0,455.0,221.0,1146.0,218.0,,4.0,4.0,,,,
120717,1568.0,2042.0,1849.0,29.0,956.0,647.0,1136.0,2506.0,1665.0,2.0,6.0,37.0,,,3.0,
121416,175.0,19.0,296.0,,200.0,534.0,614.0,1351.0,424.0,,,17.0,,,,
121618,26.0,279.0,136.0,5.0,40.0,46.0,564.0,696.0,361.0,,,,,,,
121921,477.0,2262.0,2571.0,1.0,6586.0,1873.0,1752.0,2697.0,713.0,3.0,15.0,15.0,1.0,2.0,2.0,
122317,167.0,2357.0,1470.0,1.0,2428.0,359.0,674.0,2151.0,818.0,,,133.0,,,,
122822,19.0,226.0,477.0,2.0,26.0,474.0,1757.0,897.0,459.0,,9.0,,,,,
123117,97.0,867.0,33.0,33.0,261.0,255.0,138.0,175.0,21.0,,178.0,11.0,,48.0,9.0,
123420,109.0,239.0,1834.0,,519.0,586.0,136.0,1305.0,106.0,,,,,,,
123521,61.0,936.0,2689.0,,488.0,20.0,16.0,450.0,262.0,,,,,,,
123723,753.0,368.0,2014.0,1.0,301.0,267.0,186.0,1476.0,567.0,6.0,24.0,22.0,,4.0,7.0,
123824,2.0,24.0,98.0,,9.0,20.0,1582.0,179.0,1451.0,,,,1.0,,,
124220,18.0,11.0,429.0,,22.0,822.0,412.0,1910.0,1061.0,1.0,,4.0,,,,
124624,171.0,2332.0,1800.0,,3471.0,74.0,303.0,599.0,1378.0,1.0,2.0,,,4.0,49.0,
124826,1819.0,640.0,4326.0,29.0,933.0,1180.0,453.0,3663.0,833.0,1.0,106.0,12.0,24.0,,,
125424,9.0,3774.0,993.0,1.0,2921.0,35.0,370.0,796.0,187.0,,,1.0,,,,
126325,302.0,1101.0,1597.0,,2102.0,47.0,121.0,954.0,114.0,,,,,,1.0,
126426,102.0,26.0,596.0,1.0,29.0,236.0,486.0,949.0,534.0,8.0,,73.0,1.0,,,
126628,13.0,,119.0,15.0,64.0,457.0,359.0,399.0,264.0,,31.0,,1.0,,,
127226,279.0,551.0,6153.0,,1981.0,20.0,96.0,451.0,52.0,,,,,,,
127630,63.0,1.0,228.0,10.0,26.0,638.0,201.0,1205.0,873.0,,,,,,5.0,
127731,49.0,104.0,868.0,11.0,113.0,247.0,429.0,738.0,326.0,,,,1.0,,,
127832,5.0,473.0,478.0,,1401.0,17.0,162.0,246.0,371.0,,2.0,2.0,,,,
127933,39.0,54.0,439.0,9.0,280.0,561.0,483.0,1273.0,1503.0,,1.0,,,,11.0,
128026,344.0,393.0,764.0,,998.0,207.0,730.0,612.0,146.0,,,80.0,,,,
128632,310.0,32.0,997.0,,332.0,850.0,329.0,1863.0,281.0,1.0,,1.0,,,,
128935,88.0,185.0,233.0,,400.0,47.0,94.0,115.0,134.0,,,,,,,
129028,8.0,6.0,183.0,1.0,11.0,35.0,400.0,2005.0,2613.0,,1.0,,,,,
129331,42.0,442.0,1427.0,7.0,158.0,298.0,583.0,363.0,350.0,,7.0,,,,,
129634,10.0,20.0,301.0,363.0,1.0,402.0,1360.0,1601.0,1299.0,2.0,71.0,1.0,1.0,,10.0,15.0
129937,8.0,35.0,467.0,7.0,40.0,1749.0,1368.0,4034.0,1300.0,10.0,6.0,2.0,,10.0,4.0,
130013,134.0,1249.0,2636.0,14.0,2464.0,101.0,171.0,1919.0,655.0,,22.0,,7.0,94.0,24.0,29.0
130114,13.0,301.0,1146.0,,534.0,48.0,92.0,324.0,159.0,,,,,,4.0,
130316,106.0,139.0,628.0,,928.0,890.0,552.0,1378.0,757.0,,,71.0,21.0,,198.0,30.0
130417,1423.0,2405.0,1939.0,,1219.0,90.0,970.0,691.0,116.0,,1.0,,,,,
130619,65.0,584.0,790.0,,721.0,72.0,188.0,1789.0,666.0,,84.0,,,,,
130720,369.0,188.0,1678.0,,749.0,101.0,692.0,2399.0,1848.0,,,13.0,,,,2.0
130821,277.0,505.0,1016.0,,910.0,3.0,228.0,231.0,63.0,5.0,,,,,,
131217,77.0,718.0,1727.0,1.0,994.0,138.0,201.0,1499.0,320.0,,9.0,,,,,
131419,317.0,475.0,1394.0,4.0,493.0,472.0,192.0,746.0,419.0,,,,,,,
131722,54.0,11.0,347.0,1.0,39.0,317.0,1008.0,21.0,99.0,1.0,12.0,,,,,
131823,546.0,1830.0,1084.0,2.0,951.0,128.0,1028.0,1144.0,1194.0,10.0,,537.0,,,,1.0
131924,2.0,46.0,254.0,1.0,8.0,24.0,970.0,3174.0,1715.0,,404.0,,,,,
132017,11.0,254.0,340.0,5.0,798.0,981.0,1517.0,1516.0,555.0,2.0,24.0,,,2.0,2.0,
132118,,35.0,737.0,,61.0,264.0,91.0,994.0,413.0,,,,,,,
133019,7.0,43.0,668.0,,128.0,751.0,1048.0,2313.0,1429.0,,3.0,,,,,
133625,9.0,623.0,183.0,73.0,840.0,1156.0,2670.0,1934.0,2957.0,9.0,59.0,,,,,
133827,411.0,1108.0,718.0,,1645.0,445.0,502.0,571.0,622.0,66.0,,91.0,,,,
133928,1.0,88.0,528.0,9.0,99.0,15.0,94.0,98.0,14.0,,1.0,,,,,
134021,169.0,389.0,1472.0,23.0,620.0,263.0,516.0,980.0,631.0,1.0,2.0,15.0,,,8.0,7.0
134223,931.0,385.0,1392.0,18.0,459.0,1070.0,737.0,1086.0,901.0,,28.0,,,,,
134324,427.0,218.0,524.0,,496.0,426.0,98.0,728.0,67.0,,13.0,1.0,,1.0,23.0,
134425,224.0,383.0,1012.0,417.0,1154.0,326.0,372.0,714.0,535.0,,223.0,25.0,7.0,1.0,17.0,8.0
135124,103.0,196.0,970.0,,274.0,88.0,1480.0,1628.0,9781.0,,18.0,,,,1.0,
135225,157.0,489.0,364.0,,859.0,33.0,7.0,140.0,222.0,5.0,18.0,12.0,,,,
135528,3.0,15.0,34.0,,5.0,205.0,65.0,787.0,309.0,,1.0,,,,,
135629,408.0,596.0,1855.0,7.0,801.0,798.0,157.0,1717.0,261.0,30.0,,65.0,,1.0,,1.0
135730,15.0,1220.0,385.0,,314.0,51.0,374.0,666.0,352.0,,2.0,,,,,
135932,333.0,280.0,744.0,,127.0,308.0,1.0,752.0,5.0,,,,,,,
136227,477.0,3091.0,2047.0,,3379.0,931.0,1290.0,1598.0,1110.0,7.0,,7.0,2.0,,8.0,1.0
136732,297.0,421.0,1497.0,33.0,429.0,112.0,702.0,1123.0,394.0,3.0,3.0,30.0,,,,
136833,392.0,610.0,1057.0,,410.0,123.0,,658.0,1.0,,1.0,1.0,,,,
137027,1083.0,1007.0,1309.0,2.0,524.0,2831.0,1486.0,4144.0,1362.0,32.0,,113.0,49.0,35.0,3.0,27.0
137229,140.0,38.0,2804.0,,484.0,32.0,32.0,640.0,33.0,,,,,,,
137431,59.0,180.0,343.0,1.0,800.0,192.0,1863.0,561.0,1670.0,1.0,1.0,2.0,,45.0,18.0,
137532,13.0,150.0,73.0,,168.0,436.0,3339.0,1231.0,2836.0,122.0,2.0,10.0,,,,
137633,832.0,2249.0,2665.0,2.0,963.0,4.0,1538.0,501.0,770.0,43.0,,19.0,5.0,3.0,4.0,11.0
137936,66.0,158.0,927.0,,37.0,44.0,4.0,194.0,7.0,,,,,,,
138231,61.0,610.0,876.0,88.0,328.0,354.0,294.0,995.0,612.0,,81.0,4.0,,,,
138332,50.0,628.0,668.0,,1134.0,45.0,72.0,114.0,45.0,,,,,,,
138534,502.0,396.0,2425.0,85.0,536.0,339.0,121.0,688.0,674.0,,11.0,,9.0,9.0,33.0,8.0
138837,64.0,124.0,745.0,,80.0,81.0,238.0,397.0,223.0,,1.0,,,,,
139435,19.0,200.0,40.0,28.0,568.0,317.0,476.0,638.0,81.0,,29.0,37.0,,,,
139839,7.0,30.0,118.0,32.0,123.0,5.0,84.0,1070.0,938.0,,,29.0,,,3.0,
140319,59.0,183.0,1215.0,,436.0,420.0,248.0,2268.0,1131.0,26.0,,142.0,,,7.0,2.0
140420,69.0,1014.0,382.0,6.0,747.0,119.0,638.0,441.0,734.0,1.0,19.0,1.0,,2.0,5.0,
140824,55.0,775.0,1921.0,14.0,1665.0,,87.0,553.0,109.0,,,,,,2.0,
140925,118.0,251.0,1140.0,25.0,247.0,524.0,556.0,1684.0,148.0,1.0,75.0,4.0,,,4.0,
141119,3.0,15.0,982.0,29.0,182.0,1.0,98.0,2098.0,1614.0,,1.0,,,,,
141422,20.0,265.0,2181.0,4.0,932.0,23.0,19.0,486.0,416.0,,,,,,,
143224,3.0,17.0,244.0,190.0,91.0,1313.0,1483.0,2592.0,2180.0,,131.0,,,,1.0,
143325,23.0,22.0,354.0,79.0,184.0,296.0,424.0,2639.0,970.0,2.0,,5.0,,33.0,151.0,2.0
143426,1516.0,3058.0,2703.0,5.0,1002.0,477.0,90.0,1139.0,177.0,98.0,,210.0,2.0,,,
144125,558.0,472.0,1562.0,,428.0,173.0,293.0,911.0,329.0,,,,,,,
144226,277.0,2468.0,1922.0,,2689.0,14.0,41.0,157.0,,,,2.0,,,,
144428,52.0,159.0,2653.0,3.0,304.0,38.0,175.0,340.0,176.0,,3.0,,,,,
144731,41.0,376.0,1679.0,,310.0,49.0,66.0,1103.0,835.0,,1.0,27.0,,,9.0,
144933,135.0,97.0,602.0,4.0,54.0,347.0,844.0,1013.0,425.0,,2.0,,,,2.0,1.0
145834,656.0,5005.0,3575.0,,2636.0,129.0,698.0,596.0,631.0,31.0,,6.0,,,,
146331,275.0,262.0,1729.0,9.0,276.0,144.0,233.0,614.0,473.0,2.0,5.0,30.0,,,,
146432,401.0,1008.0,1477.0,15.0,1726.0,143.0,170.0,1045.0,55.0,,36.0,,1.0,,,
146533,172.0,96.0,1231.0,,147.0,103.0,488.0,1096.0,690.0,,,,,,5.0,
146634,4.0,23.0,589.0,2.0,200.0,346.0,486.0,2575.0,2871.0,,,,,5.0,20.0,
146735,451.0,1128.0,583.0,,578.0,5.0,,61.0,2.0,17.0,1.0,,1.0,,,
146937,2.0,128.0,538.0,,200.0,63.0,202.0,541.0,434.0,,,17.0,,,,
147030,52.0,98.0,760.0,47.0,599.0,4.0,289.0,134.0,327.0,,11.0,4.0,,,,
147636,584.0,2607.0,1918.0,47.0,4951.0,70.0,2075.0,1416.0,2439.0,,2.0,58.0,5.0,28.0,264.0,
148032,159.0,235.0,697.0,76.0,188.0,227.0,281.0,1022.0,342.0,,44.0,10.0,,30.0,,
148133,337.0,326.0,824.0,8.0,278.0,112.0,666.0,806.0,197.0,,,1.0,,,,
148335,75.0,1170.0,1447.0,1.0,499.0,232.0,447.0,528.0,759.0,,1.0,2.0,,,1.0,
148941,32.0,555.0,1213.0,20.0,1086.0,7.0,1643.0,1264.0,1936.0,1.0,24.0,,9.0,19.0,28.0,5.0
149236,137.0,748.0,3501.0,1351.0,1659.0,1028.0,6584.0,3318.0,6331.0,10.0,29.0,325.0,2.0,,4.0,3.0
149337,19.0,185.0,1490.0,90.0,307.0,565.0,439.0,1455.0,600.0,1.0,2.0,14.0,,,,
149539,259.0,815.0,1091.0,,812.0,6.0,90.0,143.0,90.0,,60.0,,,,,
149842,21.0,32.0,887.0,18.0,180.0,396.0,363.0,528.0,250.0,,71.0,,,,,
150524,123.0,997.0,1189.0,436.0,1112.0,1062.0,116.0,1873.0,1290.0,,69.0,11.0,57.0,,12.0,62.0
150726,239.0,204.0,523.0,,157.0,535.0,1032.0,1277.0,237.0,,6.0,,,9.0,,
150928,236.0,248.0,1206.0,,865.0,6.0,78.0,530.0,101.0,,1.0,12.0,1.0,,51.0,11.0
151021,41.0,54.0,338.0,,76.0,697.0,361.0,1969.0,846.0,,,,2.0,,,1.0
151223,328.0,608.0,738.0,,1197.0,235.0,728.0,754.0,403.0,,,,,,,
151324,574.0,1303.0,958.0,,3746.0,257.0,86.0,1189.0,163.0,,,,2.0,,,
151425,55.0,140.0,262.0,7.0,393.0,1192.0,1467.0,2195.0,2018.0,,2.0,,,,,
151526,97.0,11.0,207.0,10.0,290.0,632.0,2553.0,1478.0,855.0,5.0,28.0,43.0,3.0,182.0,1.0,
151627,151.0,145.0,60.0,,203.0,82.0,25.0,306.0,45.0,10.0,,,,,,
151829,38.0,235.0,1669.0,,564.0,780.0,180.0,1265.0,235.0,,3.0,5.0,32.0,,,
151930,2.0,256.0,172.0,1.0,219.0,141.0,260.0,1840.0,804.0,10.0,2.0,48.0,,,14.0,
152225,38.0,256.0,1741.0,181.0,169.0,1052.0,958.0,2034.0,441.0,,50.0,,1.0,4.0,1.0,8.0
152427,412.0,598.0,431.0,12.0,383.0,235.0,741.0,783.0,1069.0,1.0,,86.0,2.0,,14.0,
152831,,603.0,916.0,,887.0,318.0,198.0,1201.0,284.0,,,14.0,,,,
153025,4.0,1476.0,958.0,9.0,2131.0,916.0,199.0,1966.0,2041.0,7.0,,53.0,4.0,4.0,122.0,27.0
153126,5.0,6.0,269.0,26.0,20.0,362.0,626.0,800.0,1236.0,3.0,19.0,,9.0,15.0,63.0,
153227,3.0,12.0,35.0,36.0,8.0,292.0,208.0,878.0,955.0,,65.0,1.0,,,,1.0
153429,64.0,1979.0,880.0,1.0,99.0,175.0,139.0,781.0,1046.0,,15.0,,3.0,81.0,105.0,
153631,48.0,863.0,1010.0,,1922.0,321.0,891.0,727.0,537.0,21.0,6.0,15.0,3.0,,1.0,
153732,22.0,1.0,151.0,,,377.0,2070.0,1375.0,2155.0,,,10.0,,,,
153833,1.0,5.0,1085.0,,91.0,367.0,393.0,1730.0,1697.0,,,,,,,
153934,62.0,925.0,1015.0,,599.0,14.0,130.0,572.0,395.0,,,,,,,
154229,80.0,78.0,1541.0,11.0,92.0,286.0,294.0,784.0,153.0,11.0,13.0,,,,,
154330,560.0,409.0,1250.0,,405.0,215.0,790.0,1447.0,1023.0,,33.0,,,,10.0,
154431,,,165.0,27.0,2.0,306.0,978.0,1673.0,871.0,,6.0,,,10.0,,
154532,518.0,1299.0,3926.0,61.0,1752.0,28.0,824.0,3799.0,1691.0,10.0,6.0,78.0,,5.0,21.0,16.0
154734,229.0,598.0,1544.0,,316.0,150.0,587.0,444.0,205.0,9.0,24.0,23.0,32.0,48.0,418.0,
154835,120.0,4033.0,1699.0,71.0,4346.0,13.0,353.0,1202.0,739.0,138.0,2.0,307.0,1.0,46.0,86.0,669.0
154936,197.0,2430.0,1889.0,,2411.0,150.0,46.0,865.0,527.0,,,,,12.0,3.0,18.0
155231,699.0,563.0,3250.0,124.0,549.0,157.0,2297.0,781.0,2284.0,,100.0,,,,,
155938,2.0,794.0,407.0,13.0,206.0,17.0,731.0,354.0,600.0,,8.0,,2.0,60.0,371.0,
156031,78.0,179.0,680.0,57.0,180.0,221.0,160.0,1104.0,551.0,,2.0,1.0,,,8.0,
156233,13.0,756.0,397.0,,379.0,65.0,7.0,268.0,334.0,,,,,,,
156334,3.0,472.0,1066.0,63.0,635.0,120.0,251.0,1039.0,602.0,,12.0,41.0,,1.0,124.0,
156536,448.0,593.0,1330.0,,354.0,239.0,6.0,1515.0,61.0,1.0,,10.0,,,,
156637,89.0,140.0,770.0,6.0,926.0,183.0,467.0,1764.0,535.0,,,,,,,
157336,29.0,25.0,,1.0,114.0,500.0,307.0,680.0,196.0,,11.0,,,,,
157437,186.0,521.0,1942.0,,1193.0,126.0,281.0,471.0,328.0,10.0,,11.0,,,,4.0
158035,139.0,79.0,994.0,143.0,146.0,274.0,174.0,1321.0,122.0,,13.0,,,24.0,52.0,
158136,24.0,2520.0,1123.0,4.0,2632.0,341.0,1693.0,1439.0,1138.0,,1.0,,,1.0,2.0,
158338,35.0,2086.0,3954.0,102.0,3520.0,211.0,1069.0,1466.0,3262.0,9.0,10.0,15.0,6.0,6.0,13.0,56.0
158540,,,28.0,2.0,,407.0,1073.0,1905.0,826.0,,1.0,,,,,
159138,24.0,153.0,1691.0,,220.0,185.0,229.0,414.0,33.0,,,,,,,
159239,733.0,1601.0,2255.0,302.0,1177.0,5.0,188.0,1161.0,807.0,,22.0,57.0,9.0,11.0,424.0,68.0
159340,,387.0,862.0,4.0,295.0,41.0,30.0,341.0,7.0,,24.0,,,,4.0,
159441,68.0,97.0,773.0,19.0,119.0,225.0,541.0,2341.0,546.0,367.0,20.0,36.0,17.0,7.0,2.0,
159744,7.0,634.0,418.0,,242.0,508.0,318.0,639.0,47.0,,1.0,,,,,
159946,115.0,500.0,820.0,55.0,278.0,146.0,660.0,1627.0,546.0,,,,,,,
160123,41.0,522.0,473.0,,956.0,,183.0,2.0,121.0,,,,3.0,,,
160729,365.0,337.0,1404.0,1.0,774.0,1035.0,129.0,1349.0,210.0,11.0,9.0,29.0,,,,
160830,166.0,634.0,820.0,,306.0,1.0,50.0,670.0,253.0,,3.0,,,,,
160931,1.0,134.0,624.0,,329.0,139.0,49.0,1193.0,317.0,,,2.0,,,,
161327,220.0,1481.0,2506.0,,2402.0,83.0,413.0,1182.0,1010.0,7.0,,5.0,,1.0,,
161731,30.0,353.0,884.0,,320.0,144.0,58.0,563.0,56.0,,2.0,,,,,
161832,14.0,3.0,98.0,1.0,4.0,490.0,53.0,845.0,104.0,,3.0,,,,,
162026,1127.0,765.0,2165.0,30.0,1569.0,66.0,38.0,759.0,193.0,31.0,2.0,93.0,2.0,,,11.0
162228,35.0,24.0,110.0,,61.0,1664.0,306.0,1218.0,188.0,,16.0,65.0,3.0,,,
162329,45.0,677.0,735.0,5.0,554.0,286.0,118.0,353.0,152.0,,14.0,50.0,,,,
162733,198.0,516.0,681.0,65.0,1439.0,322.0,515.0,1332.0,1472.0,14.0,35.0,146.0,120.0,39.0,1041.0,297.0
162935,43.0,42.0,285.0,,12.0,78.0,388.0,398.0,206.0,,,37.0,,,,
163129,4.0,374.0,162.0,19.0,806.0,750.0,1467.0,2144.0,1963.0,,51.0,,9.0,16.0,10.0,
163331,890.0,165.0,1459.0,,490.0,472.0,264.0,674.0,34.0,,,5.0,,,,
163836,425.0,325.0,585.0,,438.0,22.0,87.0,262.0,34.0,,,,,,,
164030,431.0,1049.0,515.0,,465.0,274.0,158.0,1080.0,200.0,75.0,,276.0,,,,
164131,238.0,303.0,145.0,,766.0,30.0,558.0,290.0,580.0,,8.0,3.0,,,,
164636,37.0,58.0,2337.0,,291.0,377.0,192.0,1489.0,661.0,,,1.0,,,,
164939,,64.0,635.0,,159.0,46.0,428.0,934.0,396.0,,,,,,,
165032,388.0,840.0,2773.0,,817.0,54.0,680.0,2507.0,419.0,,,,,,,
165436,20.0,60.0,774.0,,384.0,506.0,55.0,1303.0,28.0,,,3.0,,,,
165638,216.0,735.0,2782.0,4.0,1734.0,17.0,23.0,1267.0,440.0,,,7.0,,,,
165840,1097.0,490.0,2176.0,,1311.0,198.0,433.0,322.0,128.0,,1.0,,,,,
166640,266.0,877.0,444.0,25.0,620.0,399.0,207.0,842.0,405.0,27.0,26.0,7.0,,,,
167036,70.0,161.0,752.0,8.0,216.0,170.0,122.0,253.0,78.0,,,,,,,
167238,,130.0,638.0,,322.0,18.0,51.0,236.0,81.0,,,,,,,
167440,51.0,158.0,934.0,1.0,626.0,104.0,1731.0,1576.0,971.0,5.0,7.0,7.0,,16.0,185.0,3.0
167743,626.0,499.0,1872.0,,459.0,107.0,,706.0,64.0,,,8.0,,,,
168240,366.0,463.0,1344.0,546.0,1078.0,64.0,174.0,1330.0,377.0,38.0,,75.0,,,,2.0
168341,53.0,389.0,162.0,,646.0,8.0,72.0,69.0,127.0,,2.0,,,,,
168745,,1.0,17.0,,20.0,16.0,549.0,564.0,1048.0,,,,,,,
168947,928.0,519.0,2501.0,10.0,927.0,658.0,61.0,1413.0,143.0,,56.0,7.0,7.0,,,
169040,20.0,182.0,1190.0,9.0,822.0,76.0,129.0,510.0,190.0,,,12.0,,,,
169343,226.0,664.0,3147.0,,910.0,70.0,1716.0,1422.0,511.0,,,,,,,
169444,57.0,437.0,1134.0,7.0,1140.0,190.0,60.0,1275.0,395.0,,5.0,,,,,
169545,103.0,969.0,1599.0,,456.0,142.0,,30.0,58.0,,7.0,,,,,
169747,495.0,402.0,1394.0,,1362.0,123.0,314.0,774.0,2178.0,5.0,1.0,,6.0,,,
169949,11.0,351.0,1443.0,,75.0,192.0,216.0,918.0,54.0,1.0,8.0,3.0,,,,
170934,20.0,838.0,349.0,,773.0,,,11.0,2.0,,,,,,,
171330,53.0,235.0,793.0,133.0,656.0,30.0,164.0,470.0,89.0,,2.0,,,,,
171431,16.0,86.0,223.0,132.0,772.0,2.0,142.0,956.0,703.0,,8.0,,5.0,,7.0,1.0
171532,261.0,1463.0,1132.0,138.0,1727.0,15.0,556.0,976.0,1093.0,,33.0,,,,4.0,
171633,851.0,746.0,811.0,9.0,1459.0,323.0,725.0,666.0,30.0,126.0,30.0,227.0,1166.0,261.0,223.0,17.0
172029,174.0,2038.0,3165.0,30.0,2009.0,280.0,1704.0,3725.0,1244.0,1.0,60.0,,8.0,3.0,10.0,2.0
172130,109.0,365.0,1761.0,58.0,1125.0,80.0,918.0,937.0,2172.0,,13.0,46.0,68.0,3.0,298.0,68.0
172332,553.0,837.0,1640.0,,1166.0,224.0,10.0,776.0,126.0,,,1.0,,,,
172433,7.0,4081.0,616.0,5.0,2172.0,43.0,362.0,295.0,336.0,,152.0,2.0,,,,
172534,26.0,253.0,1855.0,,296.0,186.0,96.0,708.0,228.0,59.0,,127.0,,,3.0,
172635,190.0,1314.0,1315.0,,530.0,165.0,1805.0,485.0,489.0,,247.0,,1.0,312.0,263.0,
172938,101.0,150.0,1406.0,10.0,144.0,663.0,908.0,2076.0,280.0,2.0,,13.0,,,,
173132,22.0,2.0,134.0,,54.0,277.0,974.0,1381.0,1602.0,,,,,,,
173233,6.0,100.0,789.0,1.0,645.0,86.0,766.0,1316.0,2337.0,,,,,,,
173334,124.0,2893.0,1965.0,,2837.0,18.0,16.0,272.0,75.0,27.0,,69.0,23.0,,,7.0
173435,65.0,1620.0,2355.0,19.0,2081.0,211.0,80.0,2017.0,473.0,3.0,7.0,,,,58.0,3.0
173536,141.0,422.0,1967.0,,2678.0,,90.0,388.0,153.0,,,4.0,,,2.0,
173637,594.0,186.0,2142.0,1.0,389.0,27.0,2.0,249.0,89.0,,,1.0,,,,
173738,155.0,722.0,897.0,7.0,1340.0,592.0,1602.0,2093.0,2312.0,7.0,25.0,8.0,1.0,,,1.0
173839,4.0,105.0,215.0,,12.0,141.0,52.0,1116.0,2.0,,,,,,,
173940,5.0,370.0,994.0,77.0,143.0,537.0,2929.0,1006.0,1690.0,,81.0,14.0,9.0,6.0,270.0,
174437,454.0,665.0,3571.0,,1508.0,454.0,328.0,1248.0,384.0,,33.0,38.0,1.0,,,
174841,97.0,94.0,218.0,3.0,120.0,600.0,249.0,729.0,302.0,,6.0,1.0,,,,
175136,192.0,92.0,1590.0,24.0,99.0,357.0,169.0,1436.0,203.0,,25.0,11.0,,,13.0,
175237,15.0,339.0,1514.0,14.0,401.0,1552.0,864.0,2849.0,3572.0,,4.0,4.0,,,2.0,1.0
175338,109.0,492.0,1508.0,31.0,342.0,79.0,273.0,1605.0,713.0,,1.0,,,,,
175439,539.0,486.0,1513.0,12.0,815.0,359.0,1204.0,1601.0,877.0,23.0,,181.0,56.0,51.0,369.0,25.0
175540,8.0,16.0,351.0,3.0,58.0,314.0,134.0,1741.0,1192.0,,5.0,1.0,,,1.0,
175742,185.0,229.0,2191.0,21.0,1302.0,82.0,326.0,358.0,1045.0,,7.0,,,,23.0,
176037,114.0,174.0,4903.0,56.0,596.0,617.0,2476.0,2484.0,2752.0,,47.0,30.0,,,,
176441,,330.0,6.0,,367.0,14.0,1062.0,451.0,2776.0,,2.0,,6.0,1.0,1.0,
176542,1.0,260.0,307.0,18.0,286.0,738.0,1532.0,670.0,639.0,,,1.0,,,,
176845,324.0,701.0,2851.0,,671.0,78.0,583.0,705.0,151.0,2.0,,,,,,
177342,309.0,558.0,381.0,1.0,694.0,407.0,342.0,1645.0,583.0,,3.0,9.0,,,,
177645,55.0,18.0,1249.0,,88.0,715.0,752.0,1564.0,1060.0,,1.0,,,,,
177746,80.0,1296.0,1788.0,20.0,1568.0,231.0,264.0,3080.0,999.0,,50.0,11.0,5.0,,84.0,7.0
178142,324.0,1035.0,1779.0,19.0,3852.0,143.0,2564.0,2784.0,5317.0,173.0,24.0,466.0,6.0,95.0,278.0,23.0
178748,59.0,545.0,1255.0,261.0,607.0,397.0,130.0,1038.0,108.0,1.0,12.0,2.0,,,,1.0
178950,191.0,278.0,2644.0,278.0,1041.0,341.0,43.0,1041.0,397.0,,59.0,1.0,,,4.0,
179245,13.0,2.0,652.0,,45.0,194.0,552.0,766.0,179.0,1.0,4.0,3.0,,,2.0,
179346,118.0,39.0,1390.0,4.0,349.0,262.0,508.0,2474.0,480.0,,57.0,13.0,,,1.0,
179548,46.0,10.0,975.0,136.0,31.0,165.0,461.0,1698.0,1155.0,,29.0,22.0,,,4.0,
179952,14.0,562.0,1303.0,3.0,238.0,308.0,1059.0,1064.0,849.0,3.0,2.0,3.0,38.0,10.0,50.0,2.0
180129,227.0,1239.0,1948.0,177.0,849.0,424.0,1440.0,1241.0,1251.0,1.0,350.0,,11.0,10.0,43.0,1.0
180230,399.0,246.0,595.0,1.0,313.0,40.0,419.0,432.0,1062.0,,2.0,,,,,
180432,384.0,257.0,562.0,,202.0,9.0,5.0,390.0,38.0,,,25.0,,,,
180533,14.0,140.0,582.0,2.0,411.0,169.0,622.0,656.0,2869.0,,1.0,,1.0,23.0,41.0,5.0
180735,509.0,1717.0,3140.0,1.0,1760.0,177.0,320.0,1886.0,272.0,,5.0,2.0,,,,
180937,249.0,526.0,2489.0,,668.0,6.0,129.0,988.0,29.0,,20.0,,,,,
181636,58.0,106.0,1998.0,17.0,268.0,2.0,35.0,176.0,167.0,,10.0,6.0,,,,
182032,245.0,241.0,1744.0,1.0,538.0,132.0,13.0,470.0,208.0,24.0,,32.0,,1.0,53.0,
182436,3.0,,1025.0,1.0,10.0,441.0,466.0,2377.0,988.0,1.0,4.0,2.0,,,5.0,
182739,2.0,385.0,90.0,4.0,286.0,33.0,2289.0,2050.0,1194.0,,8.0,,,,,
182840,,438.0,43.0,129.0,213.0,448.0,1450.0,1549.0,1423.0,,138.0,,,1.0,365.0,
183034,165.0,357.0,2166.0,9.0,404.0,588.0,725.0,1737.0,249.0,16.0,10.0,16.0,8.0,,27.0,
183337,271.0,449.0,1509.0,,273.0,92.0,288.0,318.0,118.0,1.0,,6.0,,,8.0,
183741,197.0,680.0,958.0,,418.0,103.0,13.0,473.0,50.0,,,1.0,,,,
185139,,185.0,247.0,,71.0,881.0,613.0,4177.0,2015.0,,,,,,,
185341,56.0,54.0,929.0,1.0,209.0,50.0,9.0,525.0,160.0,1.0,,6.0,,,,
185442,672.0,296.0,1635.0,83.0,477.0,1039.0,860.0,2255.0,2032.0,,42.0,16.0,3.0,,27.0,5.0
185846,165.0,1810.0,4836.0,110.0,3253.0,95.0,43.0,284.0,100.0,11.0,64.0,117.0,,4.0,6.0,8.0
185947,25.0,13.0,3558.0,6.0,151.0,83.0,967.0,877.0,864.0,,,2.0,,1.0,15.0,
186141,5.0,277.0,467.0,,122.0,97.0,49.0,76.0,66.0,,1.0,,,5.0,50.0,
186444,,665.0,135.0,1.0,187.0,135.0,118.0,1214.0,94.0,,,,,,,
186545,217.0,633.0,1306.0,46.0,1210.0,713.0,827.0,3032.0,1222.0,2.0,97.0,108.0,,21.0,36.0,1.0
186848,178.0,221.0,2094.0,62.0,232.0,117.0,44.0,1201.0,226.0,,24.0,,,,38.0,
187143,134.0,524.0,1286.0,17.0,1168.0,915.0,1357.0,1489.0,716.0,30.0,18.0,10.0,4.0,,22.0,
187345,14.0,7.0,197.0,12.0,12.0,555.0,1472.0,1790.0,1760.0,13.0,9.0,,,,,
187547,563.0,1044.0,1935.0,2.0,1352.0,326.0,837.0,1797.0,207.0,69.0,63.0,76.0,362.0,220.0,299.0,31.0
187850,127.0,22.0,801.0,658.0,91.0,515.0,1669.0,591.0,2453.0,,118.0,,,3.0,14.0,
188145,74.0,750.0,583.0,5.0,1491.0,152.0,230.0,970.0,1845.0,,,,,,,
188347,585.0,349.0,1526.0,48.0,646.0,872.0,83.0,1629.0,411.0,2.0,5.0,10.0,24.0,,41.0,4.0
188448,170.0,504.0,1422.0,5.0,264.0,105.0,201.0,991.0,284.0,,,,,,,
188549,199.0,600.0,2101.0,2.0,674.0,170.0,162.0,1838.0,409.0,,1.0,9.0,,2.0,17.0,
189349,366.0,317.0,1923.0,11.0,224.0,216.0,483.0,1720.0,846.0,,6.0,,,,,
189450,25.0,65.0,524.0,17.0,49.0,25.0,10.0,1183.0,122.0,,,,,,,
190031,46.0,517.0,1022.0,2.0,452.0,370.0,33.0,662.0,84.0,2.0,2.0,2.0,,2.0,6.0,
191033,14.0,631.0,105.0,1.0,500.0,1421.0,1970.0,2381.0,1802.0,11.0,5.0,,,,,
191235,232.0,416.0,918.0,1.0,3070.0,1036.0,692.0,1128.0,343.0,,,,3.0,,,
191336,131.0,83.0,1062.0,2.0,25.0,732.0,137.0,1511.0,604.0,,,,,,,
191437,184.0,248.0,1485.0,,896.0,158.0,49.0,362.0,77.0,,,,,,,
191942,45.0,625.0,1250.0,,194.0,30.0,302.0,237.0,233.0,,,,,29.0,45.0,
192035,38.0,26.0,1048.0,29.0,156.0,624.0,726.0,665.0,1246.0,,,7.0,6.0,,5.0,9.0
192136,1.0,62.0,206.0,,287.0,642.0,1822.0,1243.0,3716.0,,,,,,,
192237,329.0,2890.0,1521.0,,3004.0,1.0,,343.0,62.0,3.0,,13.0,,,,
192540,113.0,651.0,963.0,,1367.0,211.0,446.0,1226.0,244.0,,,,,,,
192641,121.0,450.0,3292.0,4.0,1156.0,629.0,772.0,1938.0,369.0,11.0,45.0,105.0,,4.0,117.0,
192843,193.0,2755.0,1068.0,68.0,1512.0,116.0,814.0,535.0,558.0,,,,,,,
193239,44.0,200.0,980.0,120.0,744.0,598.0,658.0,1457.0,818.0,,,140.0,,,1.0,
193441,300.0,4012.0,3164.0,4.0,5003.0,2.0,1178.0,2173.0,2483.0,,3.0,,,,,
193845,3.0,22.0,332.0,,41.0,259.0,388.0,1202.0,2129.0,,2.0,,,2.0,25.0,
194140,20.0,36.0,653.0,,125.0,61.0,700.0,796.0,50.0,,,,,,,
194443,214.0,110.0,1519.0,,119.0,409.0,105.0,751.0,26.0,8.0,,8.0,,,,
194645,605.0,981.0,1724.0,,1276.0,135.0,90.0,1460.0,31.0,,1.0,,,,4.0,
194746,125.0,603.0,2884.0,6.0,698.0,81.0,413.0,1044.0,397.0,,13.0,24.0,,,,
195445,48.0,34.0,1697.0,61.0,142.0,127.0,505.0,1558.0,767.0,,5.0,,,,3.0,
195647,49.0,741.0,1123.0,5.0,941.0,18.0,338.0,728.0,1510.0,,6.0,9.0,,2.0,22.0,13.0
195950,38.0,2186.0,2393.0,3.0,1276.0,365.0,1105.0,1156.0,962.0,3.0,1.0,11.0,,1.0,14.0,
196144,261.0,221.0,1048.0,3.0,225.0,237.0,237.0,1314.0,650.0,1.0,20.0,3.0,,7.0,24.0,
196346,17.0,106.0,940.0,,131.0,83.0,53.0,272.0,38.0,,,,,,,
196750,205.0,60.0,2290.0,5.0,247.0,53.0,210.0,902.0,91.0,,,,,,,
196851,95.0,636.0,1230.0,,863.0,42.0,568.0,570.0,113.0,,,1.0,,,,
196952,21.0,108.0,1088.0,,203.0,178.0,316.0,1307.0,1514.0,,,57.0,,,1.0,
197348,267.0,86.0,227.0,6.0,512.0,994.0,1284.0,2247.0,1286.0,1.0,66.0,45.0,,,,
197550,415.0,631.0,813.0,,593.0,224.0,147.0,991.0,596.0,,,2.0,,21.0,382.0,
197651,949.0,660.0,2656.0,,761.0,676.0,468.0,2110.0,813.0,,5.0,,,,,
198047,242.0,559.0,1011.0,5.0,618.0,682.0,650.0,1354.0,120.0,,211.0,,,10.0,14.0,
198350,6.0,7.0,288.0,,12.0,119.0,36.0,430.0,163.0,,,,,,,
198451,5.0,328.0,293.0,,12.0,500.0,595.0,1798.0,1156.0,,,,,,,
198653,7.0,202.0,498.0,94.0,174.0,312.0,998.0,2770.0,1478.0,,1.0,,5.0,,386.0,5.0
198855,86.0,373.0,1069.0,1.0,516.0,234.0,111.0,351.0,,,,2.0,,,,
199150,23.0,247.0,368.0,,679.0,283.0,323.0,1778.0,550.0,,,,,,,
199251,195.0,970.0,2408.0,19.0,4981.0,212.0,313.0,445.0,339.0,11.0,21.0,7.0,,,202.0,1.0
199352,176.0,23.0,2340.0,12.0,114.0,523.0,677.0,1436.0,620.0,,,8.0,,6.0,16.0,
199453,66.0,206.0,1334.0,28.0,84.0,38.0,252.0,643.0,237.0,52.0,,296.0,19.0,27.0,42.0,1.0
200008,32.0,403.0,442.0,8.0,564.0,118.0,369.0,1607.0,530.0,7.0,18.0,28.0,,,,
200109,37.0,964.0,1705.0,93.0,1602.0,682.0,455.0,1326.0,468.0,,135.0,1.0,,,10.0,
200311,39.0,127.0,1698.0,8.0,418.0,8.0,770.0,1195.0,2324.0,,5.0,,,,,
200513,3.0,83.0,207.0,,25.0,20.0,80.0,392.0,41.0,1.0,,2.0,,,,
200614,58.0,152.0,383.0,,576.0,19.0,454.0,216.0,521.0,,1.0,14.0,,,,
200917,156.0,321.0,2914.0,24.0,417.0,968.0,999.0,3186.0,1908.0,,3.0,3.0,,,,
201111,97.0,278.0,592.0,,198.0,4.0,212.0,107.0,231.0,,,,,,,
201414,55.0,601.0,2209.0,54.0,1258.0,35.0,886.0,836.0,476.0,,1.0,1.0,,,,
201818,18.0,2.0,109.0,2.0,2.0,218.0,1183.0,1493.0,2503.0,,,,,,,
202113,,213.0,1361.0,,266.0,227.0,44.0,464.0,353.0,,22.0,,,,,
202719,2.0,252.0,34.0,4.0,34.0,180.0,1517.0,792.0,1144.0,,108.0,,33.0,8.0,,23.0
203923,2.0,569.0,1306.0,,243.0,5.0,48.0,938.0,242.0,,,2.0,,,,
204016,437.0,594.0,1989.0,1.0,960.0,59.0,338.0,956.0,151.0,,3.0,,,,,
204319,54.0,543.0,3030.0,2.0,804.0,7.0,151.0,3542.0,1138.0,1.0,,5.0,,,2.0,3.0
204420,18.0,199.0,703.0,67.0,287.0,444.0,666.0,1276.0,1623.0,7.0,62.0,,8.0,,,51.0
204521,2053.0,572.0,6405.0,,463.0,465.0,514.0,1262.0,813.0,27.0,2.0,60.0,,,311.0,
204622,7.0,63.0,690.0,54.0,113.0,738.0,1036.0,1918.0,1321.0,,,,,,6.0,31.0
205220,82.0,556.0,1423.0,26.0,2094.0,340.0,1932.0,2294.0,1564.0,33.0,80.0,46.0,427.0,52.0,393.0,250.0
205725,11.0,275.0,1643.0,28.0,651.0,106.0,236.0,1288.0,718.0,5.0,,14.0,,,,
206929,21.0,72.0,98.0,,12.0,58.0,1002.0,304.0,1117.0,,,,,,,
207123,142.0,741.0,957.0,,583.0,179.0,582.0,665.0,139.0,,,,3.0,2.0,,
207426,241.0,2136.0,1002.0,,2280.0,11.0,23.0,89.0,3.0,,,2.0,,,,
208024,23.0,168.0,914.0,22.0,93.0,39.0,241.0,708.0,212.0,,4.0,14.0,3.0,,145.0,1.0
208125,38.0,1637.0,2346.0,,2355.0,51.0,554.0,1700.0,1612.0,,1.0,2.0,3.0,,,
208226,57.0,157.0,1253.0,1.0,189.0,306.0,78.0,1198.0,83.0,,1.0,1.0,,,,
208327,49.0,30.0,283.0,,93.0,195.0,518.0,456.0,2071.0,1.0,1.0,14.0,,1.0,3.0,
208428,52.0,206.0,267.0,1.0,190.0,112.0,266.0,1132.0,649.0,,3.0,,2.0,,,
208630,20.0,3781.0,1801.0,21.0,1449.0,197.0,223.0,415.0,64.0,,,,,,,
209127,64.0,,576.0,10.0,60.0,716.0,1049.0,2132.0,1040.0,2.0,16.0,37.0,,,1.0,
209228,59.0,944.0,2324.0,81.0,1500.0,487.0,863.0,1540.0,689.0,,50.0,163.0,,4.0,38.0,
209329,273.0,525.0,1034.0,102.0,246.0,275.0,1137.0,775.0,128.0,17.0,25.0,,,,,1.0
209834,112.0,148.0,1353.0,38.0,407.0,474.0,279.0,2587.0,1088.0,,,1.0,,1.0,12.0,
209935,2.0,,19.0,46.0,,85.0,663.0,1249.0,1581.0,,7.0,,,,,
210011,924.0,2086.0,1401.0,,1664.0,148.0,106.0,872.0,245.0,58.0,,162.0,,,,
210112,85.0,517.0,426.0,5.0,321.0,488.0,465.0,753.0,393.0,4.0,73.0,60.0,35.0,3.0,22.0,
210415,16.0,106.0,799.0,95.0,261.0,122.0,353.0,551.0,269.0,,8.0,16.0,5.0,2.0,6.0,1.0
210617,233.0,28.0,773.0,,18.0,650.0,274.0,954.0,264.0,,,,,,,
211114,271.0,41.0,1065.0,,292.0,2735.0,2422.0,3442.0,4428.0,,,,,,,
211316,,312.0,549.0,7.0,675.0,364.0,811.0,562.0,918.0,,,,,,,
211417,304.0,111.0,2918.0,1.0,220.0,234.0,178.0,734.0,112.0,2.0,,3.0,,,,
211619,545.0,419.0,1379.0,3.0,719.0,592.0,424.0,678.0,1741.0,,,,98.0,6.0,192.0,1.0
211821,66.0,1048.0,367.0,24.0,1340.0,420.0,339.0,1563.0,515.0,1.0,29.0,1.0,,,,3.0
211922,68.0,2041.0,3436.0,1.0,4020.0,402.0,946.0,1775.0,2455.0,,5.0,,,8.0,134.0,5.0
212015,34.0,32.0,449.0,3.0,67.0,237.0,637.0,1670.0,416.0,,,13.0,,,,
212116,122.0,78.0,1567.0,2.0,441.0,30.0,676.0,1120.0,965.0,1.0,4.0,61.0,,,27.0,
212217,226.0,2245.0,2976.0,,2953.0,,49.0,21.0,42.0,,10.0,,,,,
212318,42.0,1274.0,2035.0,443.0,2432.0,43.0,3258.0,1164.0,7273.0,1.0,39.0,49.0,4.0,5.0,115.0,24.0
212419,77.0,112.0,742.0,9.0,331.0,1440.0,159.0,1228.0,185.0,,4.0,,,,5.0,
212823,,,92.0,7.0,441.0,1380.0,2464.0,1911.0,1039.0,,2.0,20.0,,,,
213017,12.0,800.0,2208.0,11.0,368.0,1120.0,682.0,2091.0,1004.0,,24.0,,,,,
213421,4.0,1.0,1531.0,5.0,259.0,845.0,14.0,1122.0,268.0,,,3.0,,,,21.0
213522,100.0,74.0,1297.0,,183.0,100.0,60.0,750.0,32.0,,,,,,,
214019,342.0,612.0,2138.0,16.0,968.0,6.0,17.0,134.0,27.0,1.0,2.0,11.0,,,41.0,
214221,108.0,857.0,2423.0,5.0,1824.0,26.0,277.0,614.0,497.0,,36.0,44.0,63.0,5.0,176.0,18.0
214423,27.0,144.0,383.0,,105.0,70.0,128.0,1134.0,404.0,,,,,,,
214524,18.0,235.0,950.0,176.0,287.0,314.0,3129.0,4701.0,2236.0,,40.0,,,,,
214625,44.0,5332.0,1383.0,4.0,6830.0,69.0,421.0,636.0,542.0,8.0,,14.0,,,,2.0
214726,101.0,1371.0,1250.0,7.0,302.0,60.0,278.0,405.0,153.0,1.0,10.0,13.0,1.0,36.0,90.0,7.0
217126,211.0,60.0,508.0,3.0,30.0,132.0,777.0,221.0,822.0,,20.0,,,1.0,3.0,
217429,1.0,15.0,64.0,96.0,98.0,51.0,893.0,1174.0,1054.0,,41.0,,7.0,19.0,13.0,2.0
219231,730.0,184.0,1499.0,,369.0,62.0,11.0,539.0,243.0,,,,,,,
220721,,84.0,236.0,23.0,19.0,183.0,1571.0,1837.0,4455.0,,55.0,3.0,18.0,,,
221319,75.0,793.0,1682.0,5.0,540.0,196.0,568.0,1332.0,709.0,1.0,,21.0,265.0,14.0,96.0,269.0
223929,68.0,1718.0,507.0,,694.0,12.0,86.0,270.0,8.0,,,,,,,
228434,40.0,399.0,2039.0,3.0,810.0,85.0,91.0,2326.0,69.0,,1.0,1.0,,,,
233326,177.0,876.0,1241.0,34.0,1698.0,330.0,174.0,607.0,130.0,,2.0,,,,,
236130,272.0,2312.0,1195.0,189.0,2781.0,18.0,410.0,1329.0,3737.0,144.0,,224.0,1.0,,,5.0
237334,301.0,61.0,1334.0,8.0,439.0,564.0,167.0,1076.0,249.0,14.0,3.0,3.0,3.0,,74.0,7.0
239136,79.0,263.0,3703.0,1.0,2374.0,15.0,1221.0,668.0,773.0,,,1.0,2.0,,6.0,1.0
239944,130.0,49.0,1762.0,,301.0,105.0,167.0,688.0,80.0,,29.0,1.0,,,,
246133,21.0,504.0,211.0,,391.0,229.0,490.0,93.0,116.0,,3.0,,,,,
248238,258.0,5431.0,2337.0,59.0,6662.0,341.0,617.0,955.0,1880.0,93.0,81.0,231.0,307.0,145.0,751.0,214.0
248339,16.0,184.0,311.0,,97.0,198.0,34.0,265.0,38.0,,,,,4.0,9.0,
249947,471.0,377.0,2797.0,5.0,456.0,446.0,178.0,1287.0,593.0,4.0,51.0,43.0,19.0,1.0,210.0,1.0
250427,3.0,163.0,521.0,,407.0,327.0,708.0,1941.0,659.0,,,,,,,
250932,44.0,1113.0,1785.0,,1305.0,138.0,281.0,502.0,268.0,,4.0,2.0,,,,
251833,345.0,1450.0,580.0,2.0,469.0,99.0,168.0,1747.0,1440.0,,3.0,1.0,,,,
255639,11.0,9.0,243.0,6.0,1.0,756.0,305.0,697.0,14.0,,,,,,,
255740,82.0,325.0,1731.0,,119.0,155.0,340.0,367.0,152.0,1.0,,1.0,,,,
256540,235.0,802.0,1265.0,64.0,438.0,247.0,210.0,1029.0,241.0,1.0,6.0,71.0,38.0,7.0,62.0,21.0
257542,191.0,64.0,3176.0,851.0,1214.0,320.0,351.0,1810.0,1278.0,,622.0,53.0,4.0,,29.0,24.0
257845,1.0,83.0,708.0,,231.0,537.0,1073.0,1388.0,1321.0,,63.0,,,,,
263436,108.0,895.0,950.0,101.0,723.0,250.0,1429.0,879.0,750.0,7.0,73.0,37.0,,17.0,137.0,
268749,188.0,621.0,2772.0,13.0,1879.0,252.0,379.0,1223.0,156.0,,,,,,1.0,
268850,224.0,1646.0,1676.0,22.0,1864.0,240.0,570.0,1080.0,1991.0,80.0,2.0,30.0,,,,
274542,322.0,169.0,1389.0,15.0,1.0,1307.0,465.0,2373.0,834.0,,1.0,6.0,,,,
275645,8.0,31.0,24.0,1.0,,1035.0,1162.0,2058.0,2057.0,1.0,2.0,26.0,,3.0,9.0,
280739,61.0,288.0,809.0,17.0,398.0,14.0,191.0,63.0,29.0,,4.0,1.0,,1.0,,
280941,537.0,250.0,2046.0,2.0,1824.0,57.0,51.0,1210.0,292.0,,,35.0,,,3.0,
281135,89.0,183.0,1110.0,16.0,187.0,534.0,469.0,2487.0,880.0,,4.0,1.0,,,2.0,
283543,14.0,33.0,1489.0,1.0,654.0,76.0,375.0,1378.0,353.0,,,,,,,
284646,272.0,33.0,604.0,24.0,60.0,203.0,1053.0,945.0,397.0,,19.0,12.0,,,,3.0
285345,4.0,63.0,154.0,,97.0,598.0,554.0,1678.0,642.0,,,5.0,,,5.0,
285446,75.0,265.0,563.0,,213.0,136.0,32.0,263.0,,2.0,3.0,14.0,,,,
286347,32.0,84.0,603.0,138.0,59.0,698.0,582.0,767.0,571.0,,18.0,,,,,
286650,280.0,1286.0,987.0,2.0,832.0,654.0,119.0,594.0,238.0,,,,,,,
287248,7.0,552.0,1653.0,7.0,1088.0,80.0,211.0,806.0,562.0,,2.0,,,,,
289555,30.0,356.0,2530.0,46.0,367.0,977.0,179.0,1258.0,289.0,,8.0,4.0,1.0,1.0,67.0,
290136,146.0,3446.0,1890.0,253.0,5782.0,139.0,4441.0,2981.0,5052.0,,,4.0,,,,
293748,369.0,2287.0,982.0,217.0,2827.0,433.0,1197.0,1570.0,436.0,1.0,75.0,2.0,34.0,2.0,3.0,39.0
295146,91.0,502.0,1937.0,14.0,317.0,302.0,122.0,1347.0,77.0,,5.0,1.0,,,,
298051,55.0,144.0,382.0,11.0,162.0,487.0,1412.0,1870.0,2600.0,,2.0,,12.0,40.0,12.0,6.0
298455,177.0,1101.0,3264.0,70.0,1635.0,621.0,2771.0,2951.0,4171.0,,6.0,42.0,7.0,,,
299154,230.0,147.0,2619.0,,430.0,403.0,160.0,1808.0,207.0,137.0,,216.0,,,,
300618,1.0,161.0,980.0,3.0,301.0,594.0,1321.0,1342.0,600.0,,12.0,,2.0,,1.0,
300719,103.0,169.0,671.0,11.0,414.0,108.0,305.0,485.0,89.0,5.0,,24.0,,,,
303119,24.0,146.0,838.0,3.0,158.0,45.0,83.0,417.0,309.0,2.0,,,,,,
303624,48.0,191.0,2668.0,1.0,284.0,42.0,4.0,772.0,4.0,,3.0,,,,,
304020,128.0,337.0,741.0,21.0,440.0,269.0,631.0,1489.0,570.0,2.0,6.0,4.0,,,,
304727,89.0,148.0,987.0,,184.0,148.0,221.0,893.0,388.0,,,,,1.0,40.0,
305830,6.0,1084.0,1210.0,16.0,760.0,115.0,70.0,910.0,193.0,1.0,,9.0,12.0,2.0,17.0,2.0
307127,1.0,45.0,102.0,5.0,52.0,828.0,6016.0,2074.0,5370.0,5.0,2.0,32.0,,,,77.0
308129,154.0,368.0,354.0,,154.0,107.0,86.0,538.0,10.0,6.0,,92.0,,26.0,19.0,
309636,62.0,1398.0,1749.0,,2252.0,446.0,652.0,1350.0,353.0,10.0,3.0,19.0,9.0,211.0,759.0,6.0
310621,190.0,2522.0,3772.0,,3688.0,193.0,950.0,1278.0,1941.0,,1.0,,,,,
311320,2.0,193.0,898.0,32.0,527.0,50.0,563.0,517.0,806.0,2.0,5.0,24.0,,26.0,30.0,2.0
314225,5.0,27.0,169.0,10.0,9.0,75.0,499.0,372.0,670.0,,14.0,,,,,
316633,8.0,565.0,1123.0,4.0,228.0,16.0,707.0,174.0,1114.0,,13.0,1.0,,,,
316835,1.0,,154.0,110.0,19.0,552.0,965.0,1640.0,2686.0,,12.0,,,,,
317332,94.0,5280.0,2273.0,5.0,3474.0,545.0,1598.0,2609.0,3172.0,,4.0,,,,,
318637,53.0,604.0,772.0,,408.0,55.0,33.0,971.0,67.0,,14.0,,,1.0,,
320826,166.0,279.0,959.0,8.0,303.0,413.0,1438.0,1502.0,1277.0,38.0,3.0,1319.0,12.0,323.0,905.0,13.0
321323,146.0,390.0,878.0,,115.0,396.0,107.0,737.0,172.0,,,,,,,
322224,467.0,3141.0,2214.0,,3185.0,88.0,374.0,1908.0,806.0,1.0,,114.0,,,2.0,2.0
325129,50.0,627.0,599.0,,241.0,535.0,153.0,1281.0,105.0,,,,,,,
329440,37.0,432.0,851.0,5.0,307.0,185.0,126.0,3001.0,456.0,,9.0,,,,,
329844,55.0,819.0,1288.0,28.0,320.0,301.0,2118.0,1212.0,2481.0,,8.0,47.0,87.0,102.0,763.0,125.0
330324,66.0,317.0,413.0,,633.0,135.0,36.0,775.0,137.0,,,,,,,
333330,778.0,1580.0,1447.0,,901.0,120.0,23.0,501.0,131.0,,,1.0,,,,
334635,399.0,148.0,1008.0,1.0,595.0,509.0,547.0,1971.0,508.0,3.0,78.0,57.0,,10.0,17.0,
341834,140.0,569.0,488.0,,1958.0,3.0,27.0,578.0,39.0,,,,,,,
342129,,1.0,370.0,7.0,13.0,58.0,782.0,205.0,377.0,,,,,,1.0,
346137,13.0,94.0,909.0,1.0,604.0,1059.0,6086.0,2382.0,2066.0,,,,,,,
346945,1585.0,1748.0,5573.0,13.0,1614.0,92.0,1030.0,366.0,103.0,15.0,2.0,110.0,,,,
348545,14.0,217.0,1099.0,3.0,304.0,45.0,347.0,490.0,670.0,,,18.0,,,,
349244,78.0,317.0,1122.0,46.0,802.0,118.0,1208.0,2332.0,1440.0,,15.0,1.0,,,,
350330,117.0,1236.0,1280.0,,1569.0,593.0,1414.0,1230.0,1702.0,,18.0,7.0,,,13.0,
351938,609.0,2433.0,1295.0,,3700.0,497.0,84.0,1024.0,523.0,,14.0,,,,,
352132,210.0,69.0,610.0,87.0,593.0,43.0,543.0,448.0,109.0,3.0,14.0,14.0,2.0,105.0,157.0,1.0
352738,226.0,956.0,1865.0,,1784.0,106.0,556.0,976.0,543.0,,,,,,16.0,
353740,125.0,315.0,37.0,,274.0,494.0,245.0,225.0,315.0,,,,,,,
355239,314.0,986.0,1288.0,11.0,312.0,243.0,420.0,625.0,297.0,9.0,41.0,,,58.0,185.0,
356948,75.0,978.0,1270.0,,1855.0,77.0,25.0,285.0,9.0,,2.0,3.0,,,53.0,
358144,17.0,606.0,1636.0,43.0,48.0,1065.0,3741.0,2015.0,2638.0,1.0,40.0,266.0,84.0,,287.0,79.0
361234,231.0,250.0,665.0,,132.0,337.0,1650.0,737.0,890.0,1.0,2.0,1.0,,,6.0,
361941,146.0,164.0,2023.0,13.0,87.0,1391.0,1058.0,3269.0,2529.0,,8.0,5.0,,,,
362034,156.0,347.0,1365.0,15.0,366.0,700.0,1639.0,2943.0,2128.0,259.0,9.0,58.0,,25.0,14.0,
365343,1.0,57.0,1732.0,,250.0,564.0,72.0,2701.0,1806.0,,,1.0,,,,
366042,922.0,1852.0,2283.0,1.0,3021.0,1842.0,1718.0,2907.0,1899.0,,15.0,,,96.0,92.0,1.0
366446,726.0,1171.0,637.0,,1534.0,1378.0,1447.0,1034.0,451.0,,2.0,,,1.0,,
368551,9.0,206.0,375.0,,437.0,266.0,204.0,705.0,154.0,,25.0,,,,,
368753,6.0,55.0,2434.0,88.0,2357.0,93.0,100.0,1535.0,2964.0,,2.0,10.0,,,22.0,33.0
371843,23.0,161.0,1540.0,1.0,172.0,144.0,64.0,374.0,206.0,1.0,,64.0,2.0,,2.0,2.0
376247,60.0,2027.0,718.0,85.0,1325.0,319.0,169.0,419.0,148.0,,29.0,,,,,
377451,1219.0,2195.0,2093.0,,3422.0,948.0,2.0,329.0,,,8.0,,,,,
378756,166.0,1243.0,1241.0,158.0,1292.0,129.0,124.0,337.0,163.0,2.0,,14.0,,,,
378857,46.0,643.0,1779.0,,626.0,108.0,6.0,345.0,24.0,,,,,,,1.0
379657,1.0,584.0,422.0,6.0,276.0,559.0,211.0,777.0,218.0,,,7.0,,1.0,,
380036,132.0,532.0,2512.0,,587.0,51.0,676.0,2729.0,1033.0,,,11.0,,,,
381038,682.0,1067.0,1512.0,5.0,314.0,358.0,311.0,1159.0,46.0,,9.0,4.0,,,,
381543,,56.0,1.0,11.0,31.0,344.0,24.0,1716.0,1646.0,3.0,,,,,,
385450,82.0,1241.0,1041.0,1.0,451.0,146.0,377.0,152.0,421.0,,3.0,,,,,3.0
387959,6.0,,102.0,18.0,,322.0,675.0,1095.0,1097.0,,,,,,,
389357,14.0,,471.0,13.0,,63.0,861.0,1578.0,549.0,,,,,,,
390645,12.0,8.0,1501.0,,80.0,231.0,183.0,835.0,140.0,,,,,,,
391748,134.0,285.0,1523.0,,191.0,44.0,105.0,185.0,34.0,,4.0,5.0,,,,
392447,89.0,97.0,2590.0,,1387.0,296.0,651.0,1180.0,789.0,,,,,,,
393247,132.0,753.0,2256.0,36.0,1999.0,589.0,1086.0,1816.0,1116.0,11.0,5.0,2.0,,,2.0,
394956,23.0,127.0,516.0,,94.0,52.0,133.0,966.0,268.0,,1.0,8.0,,,,3.0
395251,30.0,19.0,135.0,1.0,74.0,708.0,20.0,670.0,168.0,,,,,,,
395756,40.0,143.0,323.0,1.0,80.0,439.0,1022.0,1310.0,3886.0,,,,,,,
395958,2.0,381.0,734.0,,797.0,148.0,263.0,996.0,965.0,,,,,,,
397154,425.0,2149.0,1516.0,,745.0,134.0,454.0,529.0,454.0,14.0,,29.0,,,,
397760,185.0,1546.0,345.0,38.0,2823.0,,321.0,452.0,56.0,1.0,,19.0,,1.0,7.0,98.0
397861,316.0,30.0,593.0,,44.0,397.0,100.0,759.0,173.0,,,,,,,
406432,30.0,68.0,2117.0,25.0,102.0,696.0,761.0,2312.0,1596.0,,11.0,37.0,2.0,,,
406836,775.0,1060.0,1721.0,28.0,1947.0,217.0,301.0,753.0,183.0,9.0,,29.0,2.0,,1.0,4.0
412528,44.0,516.0,2007.0,2.0,667.0,25.0,38.0,647.0,60.0,10.0,1.0,20.0,2.0,24.0,193.0,5.0
414229,27.0,574.0,574.0,218.0,92.0,211.0,597.0,610.0,259.0,1.0,6.0,35.0,,,1.0,
419239,,175.0,1458.0,,185.0,43.0,354.0,1130.0,275.0,,,,,1.0,1.0,
421226,24.0,164.0,491.0,18.0,26.0,220.0,968.0,1167.0,647.0,,477.0,,,,68.0,
422632,24.0,74.0,493.0,,27.0,207.0,293.0,507.0,135.0,,3.0,,,,,
424939,,,116.0,7.0,,92.0,899.0,950.0,1239.0,,45.0,,,,,
429040,368.0,389.0,1349.0,,249.0,322.0,249.0,1672.0,309.0,,,,,,,
436239,21.0,1829.0,720.0,,2594.0,98.0,73.0,631.0,950.0,,12.0,,,,,
436845,856.0,4079.0,2569.0,1.0,6336.0,3.0,,45.0,10.0,31.0,,62.0,,,,
441939,59.0,120.0,1469.0,,301.0,196.0,23.0,525.0,21.0,3.0,,2.0,,,,
445543,2.0,299.0,335.0,241.0,83.0,149.0,1455.0,583.0,695.0,,564.0,,28.0,1.0,43.0,
448347,32.0,430.0,625.0,15.0,578.0,76.0,302.0,975.0,696.0,1.0,7.0,3.0,12.0,,4.0,2.0
453542,300.0,1942.0,2939.0,8.0,3320.0,95.0,422.0,902.0,479.0,,3.0,2.0,1.0,,,
454140,863.0,215.0,1051.0,,126.0,175.0,477.0,536.0,492.0,,,,,,,
456346,,145.0,1157.0,8.0,422.0,229.0,43.0,763.0,534.0,,2.0,3.0,,,9.0,
459453,27.0,64.0,1197.0,,209.0,46.0,300.0,483.0,128.0,,,,,4.0,130.0,
463040,85.0,6.0,327.0,22.0,139.0,214.0,2950.0,1202.0,6241.0,,41.0,,,,,
467351,19.0,672.0,591.0,,2349.0,11.0,16.0,327.0,35.0,,,320.0,,,,1.0
473952,205.0,48.0,742.0,181.0,201.0,32.0,1380.0,497.0,1683.0,,25.0,,,3.0,31.0,
475855,235.0,324.0,1849.0,48.0,282.0,51.0,1089.0,1608.0,1014.0,,13.0,1.0,,1.0,19.0,
480141,28.0,84.0,733.0,3.0,337.0,1068.0,1967.0,2044.0,1784.0,,7.0,87.0,,,,
481042,,68.0,714.0,,1225.0,1.0,95.0,27.0,379.0,,,,,,,
481951,178.0,425.0,1644.0,41.0,531.0,28.0,113.0,1063.0,66.0,,4.0,,6.0,,,
485757,359.0,503.0,795.0,1.0,663.0,2.0,379.0,754.0,498.0,2.0,,,,,1.0,
486759,56.0,131.0,886.0,5.0,2240.0,73.0,232.0,833.0,253.0,,15.0,,7.0,1.0,2.0,
492754,14.0,132.0,1970.0,36.0,425.0,437.0,2929.0,3011.0,4229.0,3.0,5.0,111.0,,1.0,75.0,
495255,382.0,620.0,1207.0,,1288.0,67.0,117.0,523.0,62.0,20.0,,37.0,,20.0,26.0,25.0
497865,1.0,58.0,645.0,,10.0,164.0,1772.0,1276.0,2909.0,,5.0,,,1.0,,
499566,20.0,103.0,668.0,18.0,242.0,1012.0,3381.0,2256.0,2426.0,,7.0,,,,,
500222,39.0,21.0,1694.0,,63.0,166.0,663.0,1571.0,906.0,,,2.0,,,,
506234,19.0,94.0,581.0,51.0,403.0,332.0,1445.0,1861.0,1128.0,,47.0,,,,1.0,
510225,82.0,6.0,47.0,,7.0,1022.0,971.0,2073.0,958.0,,,,,,,
510326,20.0,683.0,1291.0,,1825.0,483.0,1036.0,1066.0,455.0,,,1.0,,,,
512835,20.0,97.0,1001.0,2.0,83.0,68.0,172.0,1932.0,635.0,,,84.0,,,,
513130,640.0,1792.0,2368.0,23.0,1149.0,790.0,1687.0,2595.0,2270.0,,6.0,3.0,,,,10.0
513736,556.0,489.0,2435.0,71.0,586.0,456.0,1119.0,3013.0,1353.0,106.0,14.0,81.0,,10.0,1.0,
517239,320.0,1305.0,2942.0,16.0,2491.0,5.0,508.0,2630.0,761.0,11.0,,115.0,56.0,1.0,245.0,68.0
519647,,152.0,831.0,3.0,270.0,92.0,117.0,352.0,296.0,,4.0,,,,,
519950,4.0,769.0,1008.0,1.0,825.0,108.0,349.0,1493.0,423.0,,1.0,,,1.0,1.0,
520228,444.0,472.0,3196.0,,1176.0,5.0,16.0,93.0,14.0,,,,,,,
521331,6.0,777.0,2528.0,14.0,501.0,371.0,122.0,1616.0,265.0,,16.0,,1.0,,,26.0
523032,52.0,1139.0,1218.0,2.0,1231.0,351.0,4642.0,1498.0,5276.0,26.0,7.0,29.0,346.0,105.0,198.0,213.0
524135,230.0,719.0,780.0,,248.0,252.0,431.0,338.0,225.0,,,24.0,,,1.0,
525541,140.0,2876.0,1868.0,24.0,586.0,510.0,250.0,1894.0,296.0,16.0,54.0,33.0,,,,
529549,47.0,76.0,1998.0,,410.0,263.0,29.0,780.0,36.0,,,,,,1.0,
529953,24.0,121.0,393.0,,158.0,1416.0,864.0,2426.0,1187.0,,,,,,,
531536,257.0,133.0,1422.0,43.0,471.0,888.0,1495.0,882.0,359.0,19.0,62.0,709.0,37.0,,159.0,21.0
531940,204.0,259.0,1211.0,,342.0,797.0,168.0,1080.0,144.0,,5.0,3.0,,8.0,7.0,
536647,586.0,110.0,2136.0,21.0,62.0,152.0,38.0,1035.0,77.0,,,7.0,,,,
540436,562.0,13.0,746.0,109.0,26.0,252.0,1898.0,856.0,1587.0,,88.0,,37.0,22.0,30.0,14.0
541640,47.0,404.0,548.0,,819.0,1391.0,248.0,1255.0,398.0,1.0,,3.0,,,,
541943,47.0,289.0,746.0,22.0,405.0,10.0,290.0,947.0,634.0,1.0,,,,,4.0,
545345,50.0,236.0,1668.0,4.0,373.0,130.0,820.0,1993.0,655.0,,,7.0,,,1.0,
547046,309.0,954.0,825.0,,706.0,75.0,166.0,760.0,48.0,4.0,2.0,,,,,12.0
548250,1.0,486.0,1144.0,37.0,611.0,201.0,138.0,2133.0,372.0,3.0,9.0,65.0,1.0,,86.0,55.0
549757,319.0,1383.0,2410.0,176.0,930.0,484.0,2176.0,1897.0,2599.0,17.0,167.0,113.0,,10.0,7.0,
550439,1267.0,1697.0,2494.0,7.0,4093.0,73.0,347.0,1491.0,762.0,,,1.0,16.0,15.0,70.0,19.0
552241,45.0,130.0,269.0,3.0,65.0,314.0,1624.0,807.0,2339.0,,,,,,,
553344,25.0,176.0,1476.0,,461.0,651.0,147.0,1303.0,316.0,,4.0,,,,,
555348,2.0,159.0,1600.0,129.0,80.0,266.0,4224.0,3326.0,8782.0,25.0,26.0,114.0,22.0,16.0,60.0,44.0
555651,34.0,41.0,1116.0,68.0,313.0,150.0,107.0,2050.0,877.0,,111.0,,,77.0,1.0,
557857,151.0,735.0,257.0,4.0,842.0,410.0,7.0,669.0,112.0,1.0,,27.0,,,,
558657,170.0,131.0,394.0,,203.0,22.0,639.0,528.0,834.0,,,,,,,
558960,1020.0,704.0,1886.0,2.0,514.0,192.0,805.0,967.0,535.0,1.0,10.0,1.0,,,9.0,
559053,14.0,479.0,519.0,,620.0,65.0,352.0,909.0,50.0,1.0,,,,,,
559457,162.0,51.0,1391.0,,55.0,138.0,405.0,379.0,129.0,23.0,,2.0,,,,
561242,205.0,432.0,768.0,,298.0,139.0,113.0,109.0,64.0,,23.0,5.0,2.0,,24.0,
561444,104.0,83.0,2046.0,,760.0,246.0,350.0,1040.0,1001.0,20.0,,3.0,,,,
561949,22.0,204.0,758.0,4.0,277.0,484.0,1055.0,1203.0,312.0,10.0,,2.0,,,,
562345,3.0,662.0,1248.0,,645.0,30.0,261.0,262.0,113.0,,,,,,1.0,
562446,13.0,153.0,1304.0,30.0,78.0,473.0,440.0,3341.0,1548.0,,8.0,1.0,,,,
565452,276.0,23.0,1437.0,7.0,204.0,656.0,672.0,2056.0,1245.0,5.0,8.0,44.0,,,,
566454,1203.0,887.0,4473.0,1.0,898.0,373.0,333.0,1615.0,324.0,,54.0,14.0,173.0,1.0,69.0,1.0
567052,684.0,355.0,3715.0,107.0,271.0,1060.0,415.0,6905.0,1550.0,131.0,1.0,212.0,,1.0,13.0,
567961,5.0,136.0,1152.0,15.0,560.0,41.0,404.0,919.0,519.0,6.0,4.0,,,4.0,,
568963,6.0,61.0,391.0,4.0,82.0,193.0,419.0,1599.0,553.0,1.0,1.0,,,,,
569965,127.0,1097.0,755.0,32.0,521.0,14.0,230.0,387.0,113.0,,1.0,58.0,4.0,,5.0,
570243,247.0,80.0,1318.0,,46.0,355.0,540.0,1643.0,3552.0,2.0,192.0,2.0,,4.0,,
571144,41.0,42.0,1164.0,,27.0,68.0,844.0,705.0,698.0,,,2.0,,1.0,,
571548,100.0,63.0,784.0,,630.0,126.0,404.0,805.0,216.0,,,,,,,
572045,163.0,43.0,977.0,,140.0,376.0,1167.0,1918.0,840.0,,2.0,,,,,
573249,161.0,11.0,416.0,189.0,265.0,256.0,951.0,1842.0,2229.0,3.0,5.0,34.0,,74.0,102.0,
573451,237.0,898.0,1178.0,73.0,1508.0,267.0,365.0,1018.0,1491.0,,,,,,,
576255,477.0,1386.0,3392.0,25.0,1321.0,181.0,770.0,829.0,315.0,,49.0,,14.0,,145.0,
578057,967.0,1289.0,3026.0,,1607.0,401.0,187.0,1096.0,451.0,,37.0,11.0,15.0,5.0,213.0,
578158,175.0,515.0,94.0,3.0,132.0,674.0,4285.0,1614.0,2736.0,10.0,,,,,,
579665,263.0,587.0,2477.0,74.0,536.0,504.0,1007.0,3896.0,678.0,1.0,8.0,39.0,,,2.0,
579867,22.0,1166.0,1721.0,51.0,1914.0,175.0,713.0,519.0,1454.0,1.0,16.0,84.0,67.0,,93.0,43.0
580044,84.0,232.0,1721.0,,1593.0,88.0,284.0,1462.0,1862.0,,,5.0,,,,2.0
580650,26.0,42.0,967.0,53.0,138.0,297.0,973.0,1680.0,1648.0,,5.0,8.0,,,,
581349,129.0,1195.0,1618.0,34.0,731.0,463.0,512.0,1731.0,1545.0,,3.0,,,,,
581450,276.0,170.0,2582.0,125.0,747.0,104.0,1160.0,1833.0,1980.0,2.0,,29.0,,,70.0,
583858,24.0,290.0,898.0,,455.0,383.0,138.0,759.0,34.0,,,47.0,,,,
585256,12.0,480.0,852.0,33.0,422.0,176.0,30.0,625.0,54.0,,1.0,,,,,
585862,164.0,325.0,1528.0,17.0,300.0,398.0,347.0,943.0,98.0,,5.0,109.0,,1.0,11.0,
586460,1.0,24.0,2252.0,,80.0,3.0,357.0,1404.0,283.0,,,,,,,
587664,172.0,1296.0,1261.0,,1316.0,88.0,675.0,1036.0,302.0,,6.0,5.0,1.0,,,
588565,162.0,44.0,617.0,,164.0,251.0,817.0,980.0,320.0,,,,,,,
589567,27.0,15.0,394.0,,33.0,331.0,505.0,602.0,449.0,,,,,,,
592455,3.0,440.0,881.0,,29.0,481.0,1074.0,1229.0,931.0,8.0,,,,,,
594156,16.0,127.0,1259.0,,397.0,29.0,111.0,457.0,4.0,,,,,,,
597869,58.0,3.0,616.0,272.0,1.0,554.0,2092.0,2698.0,1811.0,,2.0,93.0,,,,
598568,243.0,572.0,196.0,2.0,476.0,498.0,16.0,257.0,22.0,8.0,8.0,42.0,,,,
599065,6.0,461.0,1401.0,,960.0,554.0,1174.0,599.0,154.0,5.0,,13.0,,,,
599671,113.0,1140.0,1608.0,25.0,5937.0,67.0,318.0,750.0,323.0,1.0,,2.0,,25.0,13.0,13.0
601127,53.0,3.0,532.0,,16.0,418.0,1474.0,3192.0,2064.0,4.0,2.0,7.0,15.0,2.0,19.0,15.0
604537,451.0,148.0,1618.0,22.0,519.0,63.0,316.0,1296.0,790.0,,,17.0,,1.0,6.0,226.0
611938,128.0,1069.0,1115.0,,970.0,196.0,297.0,563.0,100.0,2.0,,5.0,,,,
613538,,74.0,150.0,1.0,352.0,433.0,501.0,847.0,536.0,,,43.0,,,,
615441,67.0,261.0,595.0,,100.0,116.0,173.0,1391.0,255.0,,,13.0,1.0,,,
615744,,94.0,63.0,45.0,203.0,208.0,449.0,2029.0,1390.0,,11.0,,,,,
616645,113.0,276.0,546.0,8.0,283.0,173.0,3.0,583.0,159.0,3.0,4.0,78.0,3.0,4.0,1.0,2.0
617748,62.0,29.0,1788.0,454.0,66.0,166.0,459.0,2469.0,2335.0,9.0,66.0,242.0,,4.0,7.0,
618952,81.0,279.0,556.0,1.0,231.0,443.0,879.0,135.0,156.0,,,,,,,
622236,3.0,662.0,1033.0,,801.0,1.0,43.0,90.0,94.0,,,,,,,
623844,297.0,399.0,2041.0,4.0,1073.0,149.0,296.0,835.0,563.0,,6.0,3.0,,,,11.0
626648,592.0,1333.0,2988.0,6.0,2906.0,268.0,569.0,1606.0,823.0,1.0,1.0,6.0,,,,
627549,342.0,409.0,635.0,56.0,463.0,76.0,422.0,488.0,172.0,,,2.0,,,2.0,
627852,24.0,291.0,154.0,8.0,649.0,14.0,182.0,597.0,218.0,,,,,,,
633847,1012.0,786.0,2899.0,,913.0,279.0,172.0,1172.0,236.0,,,,,,,
634748,66.0,755.0,1189.0,6.0,657.0,68.0,209.0,450.0,99.0,1.0,2.0,30.0,,,,
635245,908.0,819.0,1520.0,8.0,1151.0,35.0,290.0,580.0,182.0,12.0,,27.0,1.0,3.0,3.0,3.0
638049,260.0,431.0,1109.0,1.0,706.0,300.0,133.0,993.0,106.0,,,,,,,
644044,178.0,2087.0,1658.0,,2119.0,24.0,98.0,1114.0,359.0,34.0,,57.0,,,2.0,
645450,104.0,90.0,245.0,3.0,56.0,661.0,1786.0,1587.0,1216.0,1.0,1.0,,,,,
645551,10.0,196.0,196.0,16.0,282.0,32.0,650.0,654.0,259.0,,,,1.0,,,1.0
647858,,55.0,276.0,8.0,33.0,1281.0,1082.0,2612.0,1560.0,,2.0,10.0,,,8.0,
654350,458.0,4507.0,1813.0,,2561.0,359.0,266.0,3015.0,330.0,,2.0,6.0,23.0,,4.0,
654552,161.0,54.0,1329.0,4.0,824.0,195.0,200.0,1978.0,1217.0,46.0,8.0,92.0,,90.0,383.0,23.0
654754,35.0,103.0,667.0,158.0,205.0,48.0,469.0,463.0,745.0,3.0,168.0,,4.0,,,2.0
656253,280.0,210.0,213.0,,177.0,30.0,10.0,47.0,16.0,,,,,,,
657659,63.0,86.0,1921.0,33.0,236.0,327.0,749.0,1562.0,848.0,,,116.0,,,19.0,
660951,29.0,30.0,886.0,,111.0,180.0,693.0,2978.0,932.0,,,,,,,
663755,193.0,26.0,470.0,1.0,166.0,106.0,906.0,1071.0,1568.0,,,14.0,,,3.0,
664757,92.0,511.0,798.0,24.0,472.0,173.0,284.0,1431.0,53.0,,6.0,4.0,,,,
665254,29.0,1092.0,2345.0,14.0,1766.0,117.0,463.0,1566.0,168.0,,2.0,,,,,
667056,219.0,276.0,462.0,17.0,587.0,111.0,180.0,795.0,138.0,,,7.0,,,,
668361,150.0,1270.0,741.0,,296.0,105.0,185.0,375.0,71.0,2.0,,,,,,
671855,3.0,52.0,668.0,,26.0,64.0,412.0,386.0,139.0,,1.0,,52.0,,,
672756,88.0,154.0,122.0,,158.0,780.0,794.0,1528.0,752.0,1.0,,,,,,
673455,278.0,632.0,2939.0,3.0,1875.0,135.0,392.0,1333.0,772.0,,41.0,13.0,,,3.0,9.0
675661,9.0,86.0,75.0,1.0,61.0,295.0,615.0,254.0,183.0,,,,1.0,63.0,31.0,
677766,4.0,13.0,314.0,,12.0,207.0,52.0,1059.0,1278.0,,11.0,,,,,
677968,499.0,2956.0,3361.0,,3108.0,12.0,62.0,698.0,68.0,6.0,,6.0,,,,
679568,5.0,4.0,424.0,312.0,79.0,679.0,1414.0,1848.0,1841.0,4.0,148.0,9.0,18.0,,,
679770,2.0,13.0,434.0,,34.0,14.0,236.0,103.0,19.0,,,,,4.0,26.0,
680250,275.0,269.0,1618.0,,656.0,70.0,128.0,695.0,62.0,34.0,,54.0,,1.0,46.0,
680452,98.0,480.0,1820.0,132.0,1086.0,156.0,437.0,3947.0,1622.0,,1.0,1.0,,,,
680957,114.0,224.0,2594.0,846.0,129.0,188.0,1139.0,5954.0,3264.0,11.0,435.0,54.0,1.0,11.0,97.0,99.0
683256,126.0,485.0,3060.0,16.0,674.0,92.0,1429.0,2257.0,530.0,1.0,3.0,16.0,,,,32.0
685058,52.0,506.0,2324.0,27.0,878.0,14.0,9.0,520.0,23.0,,,13.0,,,,
686969,24.0,763.0,497.0,,361.0,187.0,1856.0,3352.0,1199.0,,2.0,,,,,
687163,35.0,88.0,919.0,121.0,127.0,41.0,451.0,1653.0,1164.0,,4.0,26.0,,6.0,27.0,
690152,59.0,134.0,905.0,51.0,219.0,58.0,271.0,939.0,1113.0,2.0,7.0,3.0,26.0,,,70.0
692964,34.0,418.0,791.0,4.0,540.0,102.0,292.0,748.0,21.0,,,,,,,
693461,84.0,125.0,1519.0,107.0,500.0,17.0,379.0,559.0,570.0,,119.0,,,1.0,,
693764,26.0,63.0,59.0,,9.0,57.0,496.0,397.0,451.0,,,,,,,
694362,305.0,174.0,619.0,,258.0,360.0,45.0,731.0,77.0,1.0,,,,,,
695768,883.0,541.0,1065.0,86.0,135.0,753.0,806.0,705.0,60.0,4.0,50.0,3.0,,1.0,,
698168,126.0,591.0,721.0,,2271.0,187.0,627.0,603.0,54.0,,,,,,,1.0
700634,17.0,154.0,451.0,1.0,6.0,309.0,453.0,624.0,400.0,,32.0,,5.0,1.0,10.0,
701535,67.0,41.0,921.0,72.0,87.0,1384.0,2553.0,2276.0,2733.0,1.0,110.0,8.0,67.0,90.0,535.0,
702133,54.0,454.0,919.0,26.0,230.0,332.0,519.0,718.0,214.0,1.0,70.0,50.0,,,34.0,
704238,45.0,857.0,1494.0,,762.0,79.0,372.0,232.0,337.0,,,,,,19.0,
705341,28.0,935.0,722.0,127.0,898.0,291.0,851.0,1309.0,2953.0,,12.0,,,,,
707749,379.0,541.0,725.0,20.0,3481.0,6.0,49.0,430.0,287.0,,,,,,,
713239,12.0,103.0,1426.0,,132.0,147.0,274.0,478.0,374.0,,,1.0,,,,
715041,4.0,,218.0,14.0,12.0,371.0,159.0,1367.0,870.0,,6.0,,,,,
715647,131.0,3080.0,1049.0,43.0,1479.0,644.0,739.0,1773.0,3650.0,78.0,17.0,17.0,11.0,1.0,,
715950,44.0,664.0,2311.0,16.0,2220.0,36.0,536.0,1027.0,1292.0,8.0,,97.0,,1.0,9.0,1.0
720337,167.0,128.0,676.0,4.0,227.0,69.0,105.0,954.0,1330.0,11.0,4.0,2.0,,,,
724446,49.0,316.0,897.0,1.0,30.0,401.0,171.0,1059.0,89.0,,1.0,8.0,,,,
725751,5.0,592.0,379.0,4.0,1069.0,569.0,1173.0,1538.0,929.0,,1.0,16.0,,,,
727553,1.0,53.0,494.0,12.0,105.0,664.0,1379.0,2343.0,2581.0,,20.0,12.0,1.0,,24.0,3.0
727654,5.0,33.0,227.0,,40.0,365.0,1296.0,1515.0,1084.0,2.0,,102.0,,,,
728454,529.0,705.0,2312.0,,565.0,10.0,49.0,338.0,24.0,6.0,8.0,6.0,,,,
729254,37.0,230.0,929.0,40.0,631.0,388.0,352.0,3607.0,2264.0,,50.0,90.0,4.0,8.0,233.0,32.0
729557,164.0,350.0,1002.0,16.0,236.0,146.0,87.0,639.0,117.0,1.0,14.0,5.0,,2.0,20.0,3.0
731140,1.0,324.0,971.0,,283.0,136.0,9.0,681.0,29.0,,2.0,,,,,
732243,76.0,98.0,571.0,47.0,223.0,10.0,121.0,455.0,288.0,,32.0,,,,,1.0
735148,40.0,333.0,730.0,1.0,996.0,143.0,256.0,558.0,519.0,,18.0,,,,,3.0
737960,17.0,113.0,655.0,141.0,468.0,62.0,92.0,402.0,2102.0,,1.0,2.0,1.0,2.0,8.0,
742549,74.0,65.0,998.0,17.0,159.0,435.0,87.0,1023.0,71.0,,133.0,33.0,3.0,,,
744553,12.0,114.0,1288.0,156.0,149.0,305.0,380.0,1177.0,331.0,1.0,2.0,133.0,,,,
748258,65.0,943.0,2992.0,46.0,836.0,74.0,489.0,1607.0,1190.0,9.0,1.0,25.0,2.0,9.0,91.0,3.0
748662,752.0,1349.0,2458.0,76.0,4710.0,223.0,174.0,1302.0,568.0,1.0,33.0,3.0,40.0,2.0,6.0,25.0
749058,117.0,479.0,1389.0,3.0,309.0,177.0,790.0,1815.0,1959.0,,12.0,20.0,8.0,10.0,42.0,6.0
749361,28.0,76.0,1106.0,,181.0,392.0,85.0,85.0,1.0,,,,,,,
751348,208.0,115.0,786.0,2.0,282.0,1342.0,2086.0,2491.0,2712.0,,,,,,,
751550,296.0,727.0,1456.0,32.0,450.0,143.0,163.0,1904.0,3803.0,2.0,80.0,20.0,3.0,,26.0,
753150,47.0,944.0,32.0,,248.0,23.0,320.0,432.0,99.0,,,,,,,
753251,306.0,2261.0,1312.0,15.0,1777.0,397.0,167.0,534.0,41.0,1.0,,5.0,,,,
756055,16.0,24.0,42.0,,18.0,385.0,598.0,540.0,439.0,,,,,,,
757764,47.0,95.0,1035.0,,322.0,510.0,509.0,1418.0,874.0,,2.0,,,,,
759869,45.0,2195.0,113.0,,945.0,274.0,69.0,258.0,19.0,,,,,,25.0,
760551,260.0,28.0,987.0,2.0,18.0,1316.0,515.0,3339.0,1522.0,2.0,,44.0,,,,
761957,16.0,512.0,820.0,10.0,127.0,547.0,891.0,1352.0,3262.0,,40.0,,,,,
765056,172.0,1852.0,1126.0,5.0,738.0,15.0,546.0,381.0,916.0,,1.0,,,,,
766563,42.0,354.0,1764.0,,181.0,345.0,497.0,3124.0,2402.0,,,,,,,
769064,169.0,1540.0,647.0,2.0,834.0,36.0,385.0,170.0,475.0,,,9.0,,,58.0,
770352,105.0,781.0,459.0,,186.0,167.0,287.0,293.0,63.0,,,,,,,
773257,7.0,253.0,695.0,,320.0,195.0,113.0,1369.0,260.0,,,,,,,
774663,12.0,177.0,551.0,21.0,21.0,190.0,121.0,652.0,458.0,,2.0,,,,15.0,
782561,54.0,69.0,1373.0,91.0,114.0,23.0,19.0,1185.0,12.0,2.0,2.0,8.0,,,34.0,
784565,2.0,13.0,460.0,12.0,95.0,609.0,236.0,1114.0,149.0,,1.0,,1.0,,1.0,
786569,571.0,1041.0,3532.0,2.0,280.0,101.0,365.0,392.0,425.0,,,,,,,
788674,446.0,1193.0,2779.0,158.0,1043.0,676.0,2839.0,4442.0,4516.0,,5.0,164.0,,,57.0,6.0
788876,62.0,20.0,280.0,26.0,115.0,892.0,3339.0,2095.0,4855.0,,1.0,3.0,,15.0,65.0,
789373,350.0,1064.0,1166.0,,667.0,29.0,513.0,1313.0,1045.0,,,1.0,,,,
792564,6.0,112.0,734.0,,191.0,4.0,38.0,885.0,245.0,,,,,,,
792867,70.0,4.0,146.0,30.0,132.0,41.0,2940.0,376.0,1738.0,,,,,,,
793465,47.0,675.0,2346.0,,886.0,74.0,179.0,1896.0,190.0,1.0,,,,,,
800941,6.0,,987.0,,1.0,6.0,24.0,3728.0,1451.0,,,,6.0,,,
802844,7.0,879.0,107.0,90.0,996.0,4.0,143.0,590.0,249.0,,17.0,12.0,1.0,,4.0,1.0
803240,235.0,597.0,2490.0,157.0,325.0,844.0,487.0,2007.0,307.0,7.0,24.0,48.0,,51.0,221.0,
804646,890.0,808.0,2511.0,19.0,1557.0,4.0,81.0,1449.0,1127.0,16.0,20.0,79.0,,5.0,66.0,18.0
809252,662.0,1847.0,2426.0,3.0,1154.0,229.0,11.0,1222.0,231.0,,5.0,28.0,,2.0,75.0,
810439,7.0,,178.0,,51.0,207.0,421.0,705.0,759.0,5.0,,,,,,
810843,160.0,768.0,1108.0,,1012.0,141.0,178.0,601.0,65.0,,,5.0,,,,
812746,46.0,506.0,634.0,1.0,750.0,188.0,779.0,1308.0,717.0,,2.0,,,,,1.0
814548,116.0,111.0,1381.0,11.0,641.0,414.0,369.0,925.0,150.0,16.0,10.0,49.0,1.0,5.0,25.0,
814649,43.0,22.0,878.0,,528.0,636.0,864.0,1846.0,1233.0,,,,,,1.0,
816653,243.0,217.0,1501.0,,69.0,50.0,74.0,445.0,46.0,,1.0,,,,,
820745,65.0,169.0,420.0,,379.0,14.0,21.0,425.0,2.0,,,,,,,
825048,799.0,2164.0,1899.0,3.0,2280.0,,119.0,557.0,75.0,14.0,,11.0,,,,
825654,235.0,28.0,1385.0,104.0,119.0,301.0,373.0,646.0,66.0,,,94.0,,,,
826353,321.0,590.0,1215.0,27.0,1064.0,530.0,369.0,1627.0,509.0,2.0,4.0,63.0,2.0,,7.0,
826454,111.0,552.0,799.0,31.0,1354.0,65.0,354.0,306.0,489.0,,130.0,6.0,1.0,,43.0,1.0
827052,360.0,321.0,2437.0,,290.0,750.0,1077.0,1749.0,1327.0,,,,,,,
828862,579.0,684.0,1959.0,62.0,866.0,32.0,132.0,632.0,51.0,3.0,11.0,19.0,,1.0,,
832651,185.0,1695.0,1248.0,,2032.0,84.0,13.0,110.0,64.0,,,,,,,
833148,219.0,161.0,1154.0,11.0,217.0,497.0,989.0,1715.0,1066.0,,,,,5.0,,
833249,63.0,5.0,338.0,5.0,23.0,1146.0,690.0,2102.0,1534.0,1.0,21.0,6.0,2.0,,4.0,12.0
835657,251.0,832.0,1299.0,,297.0,10.0,11.0,282.0,41.0,1.0,,,,,,
837560,411.0,1143.0,1776.0,,1054.0,8.0,579.0,656.0,301.0,,,,,,,
837964,59.0,37.0,1862.0,3.0,81.0,1554.0,1240.0,1959.0,1447.0,7.0,30.0,,,,,74.0
841349,58.0,862.0,1132.0,22.0,884.0,269.0,209.0,664.0,299.0,,4.0,5.0,,,1.0,
843151,4.0,7.0,3.0,,21.0,42.0,2819.0,336.0,804.0,,,,,,,
844961,31.0,151.0,1308.0,2.0,496.0,75.0,135.0,340.0,20.0,,,3.0,,,,
845458,222.0,563.0,1862.0,16.0,197.0,744.0,914.0,1334.0,617.0,,18.0,,,,5.0,
849264,10.0,493.0,239.0,513.0,65.0,238.0,198.0,3525.0,1648.0,1.0,,41.0,,59.0,,
849971,89.0,134.0,829.0,,437.0,320.0,1356.0,477.0,389.0,,,,,,,
852455,23.0,368.0,1232.0,26.0,754.0,188.0,1503.0,1135.0,5282.0,,14.0,,,1.0,1.0,
856463,160.0,138.0,1961.0,,325.0,1613.0,906.0,1168.0,227.0,,8.0,,,7.0,6.0,
856766,8.0,8.0,520.0,3.0,91.0,294.0,207.0,1257.0,137.0,,17.0,,,3.0,1.0,
856968,3.0,36.0,84.0,,256.0,180.0,222.0,276.0,699.0,,,,,,,
857263,17.0,122.0,255.0,,147.0,214.0,364.0,489.0,52.0,1.0,,,,1.0,99.0,
859671,4.0,64.0,522.0,,357.0,97.0,9.0,216.0,7.0,,,1.0,,,,
861456,274.0,503.0,2413.0,9.0,2952.0,327.0,573.0,1139.0,515.0,,32.0,2.0,41.0,3.0,14.0,
865363,75.0,79.0,305.0,8.0,28.0,739.0,1265.0,797.0,653.0,2.0,59.0,,,,,
867468,658.0,112.0,356.0,3.0,194.0,57.0,524.0,760.0,193.0,,7.0,1.0,,,,
869472,12.0,1281.0,978.0,22.0,1011.0,654.0,1074.0,961.0,969.0,,8.0,,,,,
870861,8.0,379.0,766.0,4.0,1123.0,529.0,459.0,895.0,592.0,,3.0,,,,,
871762,3.0,8.0,517.0,,45.0,556.0,160.0,2667.0,2715.0,3.0,,11.0,,,,
871964,168.0,1111.0,2637.0,5.0,2263.0,68.0,1113.0,2346.0,1897.0,,6.0,1.0,,,40.0,
872158,113.0,263.0,386.0,,302.0,38.0,25.0,195.0,29.0,,4.0,,,,,
872562,32.0,189.0,1125.0,,610.0,281.0,193.0,699.0,92.0,,1.0,,,,,
873968,18.0,523.0,2551.0,63.0,407.0,412.0,771.0,2914.0,1212.0,,38.0,4.0,,3.0,2.0,
877168,13.0,717.0,1829.0,,751.0,30.0,17.0,820.0,243.0,5.0,1.0,4.0,,,2.0,
877269,,647.0,1619.0,35.0,1787.0,167.0,183.0,900.0,114.0,2.0,,116.0,,36.0,40.0,
878776,69.0,510.0,1198.0,,428.0,143.0,64.0,2044.0,194.0,3.0,1.0,5.0,,,,
878877,433.0,2254.0,2504.0,7.0,3434.0,1042.0,1704.0,5290.0,8622.0,,,4.0,1.0,,2.0,
882161,16.0,17.0,186.0,19.0,112.0,353.0,1702.0,2079.0,1335.0,,44.0,23.0,6.0,,86.0,
884064,69.0,414.0,1363.0,,94.0,6.0,78.0,57.0,115.0,1.0,,4.0,,,,
885975,114.0,253.0,1169.0,,335.0,14.0,630.0,1049.0,255.0,,,7.0,,,,
886674,3.0,427.0,125.0,85.0,50.0,111.0,113.0,1415.0,1592.0,,1.0,,,,,
887373,91.0,652.0,1580.0,23.0,975.0,429.0,154.0,1390.0,1201.0,,12.0,,,,,
888678,,4.0,109.0,103.0,6.0,139.0,1395.0,660.0,1453.0,,2.0,,1.0,,,
889579,150.0,2260.0,2519.0,56.0,3246.0,212.0,658.0,3633.0,306.0,5.0,40.0,1.0,,5.0,,
891667,26.0,427.0,142.0,8.0,52.0,49.0,202.0,359.0,45.0,,1.0,,,18.0,14.0,
894673,13.0,979.0,2278.0,,679.0,3.0,29.0,701.0,53.0,1.0,1.0,33.0,,,,
894774,52.0,555.0,1085.0,16.0,433.0,410.0,797.0,2061.0,1179.0,,,6.0,,,,
896778,45.0,806.0,2512.0,343.0,1513.0,195.0,1755.0,1920.0,2698.0,,20.0,10.0,1.0,,1.0,
896879,112.0,217.0,2135.0,30.0,220.0,281.0,629.0,1520.0,666.0,1.0,50.0,2.0,2.0,1.0,76.0,
898176,528.0,462.0,2856.0,,909.0,81.0,444.0,476.0,563.0,26.0,2.0,,,35.0,92.0,
899885,526.0,949.0,1429.0,54.0,1670.0,635.0,2458.0,2573.0,2437.0,15.0,76.0,19.0,9.0,129.0,92.0,33.0
901038,658.0,770.0,3450.0,14.0,399.0,422.0,1242.0,1170.0,430.0,,,,,,,
901139,597.0,339.0,2430.0,7.0,527.0,758.0,447.0,3011.0,142.0,16.0,9.0,29.0,,,,2.0
901442,30.0,199.0,1065.0,52.0,211.0,630.0,549.0,2759.0,1819.0,52.0,24.0,117.0,,24.0,477.0,
904044,16.0,435.0,1041.0,,1014.0,160.0,755.0,793.0,179.0,,2.0,37.0,,,,
905147,36.0,71.0,2036.0,82.0,2210.0,801.0,776.0,2343.0,838.0,,58.0,1.0,27.0,15.0,456.0,6.0
907656,12.0,39.0,745.0,32.0,75.0,426.0,564.0,688.0,402.0,1.0,22.0,33.0,,,16.0,
908860,,,41.0,,1.0,1251.0,1584.0,3553.0,3383.0,,2.0,,,,,
910241,1004.0,4256.0,4369.0,39.0,6368.0,371.0,926.0,2675.0,1587.0,4.0,23.0,2.0,6.0,7.0,84.0,
910443,111.0,2345.0,3674.0,,2969.0,221.0,352.0,2081.0,1668.0,5.0,,11.0,,,,
911849,82.0,564.0,871.0,2.0,136.0,130.0,455.0,802.0,1076.0,,,13.0,,,5.0,5.0
912447,172.0,1633.0,1116.0,3.0,1730.0,111.0,1268.0,2062.0,855.0,4.0,43.0,46.0,114.0,90.0,163.0,6.0
917255,1.0,35.0,16.0,8.0,126.0,1.0,156.0,438.0,449.0,,,,,,,
917558,84.0,573.0,546.0,57.0,453.0,144.0,74.0,329.0,31.0,32.0,11.0,31.0,,,,
922854,18.0,104.0,160.0,,319.0,2.0,477.0,295.0,99.0,,,,,,,
923755,43.0,564.0,1823.0,74.0,729.0,1.0,777.0,841.0,1458.0,1.0,6.0,131.0,,3.0,158.0,11.0
926862,3.0,100.0,900.0,3.0,30.0,71.0,455.0,1751.0,1525.0,,2.0,,,,1.0,4.0
927359,80.0,230.0,1443.0,12.0,135.0,312.0,1764.0,951.0,1160.0,,123.0,2.0,,1.0,136.0,
929464,117.0,4.0,377.0,,30.0,741.0,64.0,570.0,50.0,2.0,21.0,6.0,,,,
930449,195.0,263.0,1712.0,22.0,762.0,35.0,,312.0,4.0,1.0,,,,,,
932554,181.0,6.0,311.0,3.0,560.0,1195.0,1483.0,2777.0,1819.0,2.0,34.0,47.0,,,,
933253,9.0,138.0,916.0,4.0,231.0,139.0,1711.0,806.0,1449.0,,9.0,,,3.0,,
937160,260.0,1816.0,1037.0,26.0,2234.0,585.0,189.0,377.0,123.0,,8.0,24.0,7.0,55.0,3.0,
942658,23.0,462.0,1100.0,185.0,2092.0,238.0,162.0,2293.0,974.0,21.0,,278.0,,,,
947668,,5.0,329.0,3.0,133.0,94.0,85.0,76.0,42.0,,,,,,,
951457,,,306.0,,61.0,405.0,799.0,1482.0,1684.0,,,4.0,,,,
952863,18.0,486.0,2073.0,14.0,218.0,196.0,194.0,727.0,264.0,2.0,40.0,141.0,,,59.0,
955465,40.0,790.0,2101.0,,1480.0,72.0,538.0,556.0,1171.0,,8.0,,43.0,,23.0,
959574,35.0,136.0,1133.0,27.0,219.0,1527.0,760.0,1736.0,746.0,2.0,33.0,,,,267.0,
965771,160.0,56.0,1355.0,154.0,265.0,126.0,293.0,2574.0,2995.0,1.0,1.0,34.0,1.0,,,1.0
966975,168.0,372.0,832.0,14.0,410.0,613.0,890.0,1251.0,1000.0,,13.0,,1.0,43.0,86.0,
971160,56.0,536.0,853.0,79.0,1410.0,33.0,214.0,620.0,831.0,,4.0,,,,1.0,
972566,,,18.0,2.0,,364.0,1757.0,1294.0,2253.0,3.0,1.0,,,,,
973770,416.0,362.0,2048.0,,533.0,249.0,1566.0,1311.0,1373.0,16.0,4.0,20.0,1.0,,,1.0
978578,155.0,201.0,839.0,,481.0,46.0,446.0,202.0,39.0,,17.0,,,,,
979984,838.0,470.0,3450.0,3.0,1843.0,105.0,822.0,759.0,857.0,4.0,3.0,52.0,,34.0,292.0,
983773,511.0,358.0,707.0,,177.0,686.0,517.0,1203.0,279.0,,128.0,,,27.0,,
984472,102.0,1187.0,2602.0,8.0,980.0,986.0,1299.0,2597.0,1366.0,5.0,1.0,14.0,1.0,,,2.0
987074,43.0,1417.0,2233.0,6.0,1261.0,103.0,1171.0,1599.0,127.0,8.0,103.0,70.0,1.0,2.0,1.0,
989987,12.0,243.0,80.0,,133.0,1.0,12.0,220.0,57.0,,,,,,,
990366,16.0,71.0,346.0,18.0,170.0,4.0,254.0,248.0,646.0,6.0,,,,,,
991267,419.0,1163.0,2728.0,,1291.0,22.0,105.0,1912.0,137.0,,,,,,,
992774,286.0,1585.0,885.0,,3180.0,152.0,179.0,885.0,333.0,,,3.0,,,,
995174,157.0,535.0,1752.0,5.0,988.0,37.0,1583.0,2219.0,1426.0,73.0,,190.0,,,,
996782,23.0,181.0,696.0,6.0,538.0,138.0,560.0,1995.0,744.0,,27.0,2.0,,,,
